Column1,movie_title,year,place,rating,vote,link,duration,genre
0,The Batman,2022,1,8,434477,/title/tt1877830/,176 min," Action, Crime, Drama            "
1,The Northman,2022,2,7.8,40320,/title/tt11138512/,137 min," Action, Adventure, Drama            "
2,Everything Everywhere All at Once,2022,3,8.8,31625,/title/tt6710474/,139 min," Action, Adventure, Comedy            "
3,KGF: Chapter 2,2022,4,8.9,55,/title/tt10698680/,168 min," Action, Crime, Drama            "
4,Spider-Man: No Way Home,2021,5,8.4,86180,/title/tt10872600/,148 min," Action, Adventure, Fantasy            "
5,Dune,2021,6,8.1,613257,/title/tt1160419/,155 min," Action, Adventure, Drama            "
6,CODA,2021,7,8,100,/title/tt10366460/,111 min," Comedy, Drama, Music            "
7,RRR,2022,8,8.4,558194,/title/tt8178634/,187 min," Action, Drama            "
8,Pirates of the Caribbean: The Curse of the Black Pearl,2003,9,8,104820,/title/tt0325980/,143 min," Action, Adventure, Fantasy            "
9, The Godfather,1972,10,9.2,61372,/title/tt0068646/,175 min," Crime, Drama            "
10,The Dark Knight,2008,11,9,1078146,/title/tt0468569/,152 min," Action, Crime, Drama            "
11,KGF: Chapter 1,2018,12,8.2,"305,413,918",/title/tt7838252/,156 min," Action, Crime, Drama            "
12,The Shawshank Redemption,1994,13,9.3,240,/title/tt0111161/,142 min, Drama            
13,The Gentlemen,2019,14,7.8,1777423,/title/tt8367814/,113 min," Action, Comedy, Crime            "
14,American Psycho,2000,15,7.6,"134,966,411",/title/tt0144084/,102 min," Crime, Drama, Horror            "
15,Avengers: Endgame,2019,16,8.4,2,/title/tt4154796/,181 min," Action, Adventure, Drama            "
16,Interstellar,2014,17,8.6,2550991,/title/tt0816692/,169 min," Adventure, Drama, Sci-Fi            "
17,Avatar,2009,18,7.8,"534,858,444",/title/tt0499549/,162 min," Action, Adventure, Fantasy            "
18,The Wolf of Wall Street,2013,19,8.2,3,/title/tt0993846/,180 min," Biography, Comedy, Crime            "
19,Harry Potter and the Sorcerer's Stone,2001,20,7.6,72264,/title/tt0241527/,152 min," Adventure, Family, Fantasy            "
20,Zack Snyder's Justice League,2021,21,8,2581692,/title/tt12361974/,242 min," Action, Adventure, Fantasy            "
21,Joker (I),2019,22,8.4,"28,341,469",/title/tt7286456/,122 min," Crime, Drama, Thriller            "
22,Titanic,1997,23,7.9,1,/title/tt0120338/,194 min," Drama, Romance            "
23,Batman Begins,2005,24,8.2,312189,/title/tt0372784/,140 min," Action, Crime, Drama            "
24,Once Upon a Time In Hollywood,2019,25,7.6,565678,/title/tt7131622/,161 min," Comedy, Drama            "
25,The Worst Person in the World,2021,26,7.9,"15,070,285",/title/tt10370710/,128 min," Comedy, Drama, Romance            "
26,Zombieland,2009,27,7.6,1045859,/title/tt1156398/,88 min," Action, Comedy, Horror            "
27,Blade Runner 2049,2017,28,8,"858,373,000",/title/tt1856101/,164 min," Action, Drama, Mystery            "
28,Fight Club,1999,29,8.8,81,/title/tt0137523/,139 min, Drama            
29,The Dark Knight Rises,2012,30,8.4,1725551,/title/tt1345836/,164 min," Action, Crime, Drama            "
30,Inception,2010,31,8.8,"188,020,017",/title/tt1375666/,148 min," Action, Adventure, Sci-Fi            "
31,Blazing Saddles,1974,32,7.7,28,/title/tt0071230/,93 min," Comedy, Western            "
32,The Goonies,1985,33,7.7,1190684,/title/tt0089218/,114 min," Adventure, Comedy, Family            "
33,Jurassic Park,1993,34,8.2,"760,507,625",/title/tt0107290/,127 min," Action, Adventure, Sci-Fi            "
34,Pulp Fiction,1994,35,8.9,1338251,/title/tt0110912/,154 min," Crime, Drama            "
35,Schindler's List,1993,36,9,"116,900,694",/title/tt0108052/,195 min," Biography, Drama, History            "
36,Knives Out,2019,37,7.9,134,/title/tt8946378/,130 min," Comedy, Crime, Drama            "
37,Prisoners,2013,38,8.1,751148,/title/tt1392214/,153 min," Crime, Drama, Mystery            "
38,1917,2019,39,8.2,"317,575,550",/title/tt8579674/,119 min," Action, Drama, War            "
39,Alien,1979,40,8.5,375548,/title/tt0078748/,117 min," Horror, Sci-Fi            "
40,Parasite,2019,41,8.5,1186752,/title/tt6751668/,132 min," Comedy, Drama, Horror            "
41,Avengers: Infinity War,2018,42,8.4,"335,451,311",/title/tt4154756/,149 min," Action, Adventure, Sci-Fi            "
42,Mad Max: Fury Road,2015,43,8.1,71,/title/tt1392190/,120 min," Action, Adventure, Sci-Fi            "
43,The Lord of the Rings: The Fellowship of the Ring,2001,44,8.8,1132462,/title/tt0120737/,178 min," Action, Adventure, Drama            "
44,Inglourious Basterds,2009,45,8.3,"659,325,379",/title/tt0361748/,153 min," Adventure, Drama, War            "
45,Django Unchained,2012,46,8.4,1424708,/title/tt1853728/,165 min," Drama, Western            "
46,Se7en,1995,47,8.6,"206,852,432",/title/tt0114369/,127 min," Crime, Drama, Mystery            "
47,Saving Private Ryan,1998,48,8.6,127,/title/tt0120815/,169 min," Drama, War            "
48,Gone Girl,2014,49,8.1,686058,/title/tt2267998/,149 min," Drama, Mystery, Thriller            "
49,Taxi Driver,1976,50,8.3,"142,502,728",/title/tt0075314/,114 min," Crime, Drama            "
50, Ex Machina,2014,51,7.7,525702,/title/tt0470752/,108 min," Drama, Sci-Fi, Thriller            "
51, Spider-Man: Into the Spider-Verse,2018,52,8.4,"25,442,958",/title/tt4633694/,117 min," Animation, Action, Adventure            "
52, The Green Mile,1999,53,8.6,487583,/title/tt0120689/,189 min," Crime, Drama, Fantasy            "
53, The Lion King,1994,54,8.5,"190,241,310",/title/tt0110357/,88 min," Animation, Adventure, Drama            "
54, Forrest Gump,1994,55,8.8,70,/title/tt0109830/,142 min," Drama, Romance            "
55, Thor: Ragnarok,2017,56,7.9,1255365,/title/tt3501632/,130 min," Action, Adventure, Comedy            "
56, Pride & Prejudice,2005,57,7.8,"136,801,374",/title/tt0414387/,129 min," Drama, Romance            "
57, Léon: The Professional,1994,58,8.5,26,/title/tt0110413/,110 min," Action, Crime, Drama            "
58, The Fifth Element,1997,59,7.6,1022410,/title/tt0119116/,126 min," Action, Adventure, Sci-Fi            "
59, No Country for Old Men,2007,60,8.2,"422,783,777",/title/tt0477348/,122 min," Crime, Drama, Thriller            "
60,The Departed,2006,61,8.5,36,/title/tt0407887/,151 min," Crime, Drama, Thriller            "
61,Guardians of the Galaxy,2014,62,8,1991578,/title/tt2015381/,121 min," Action, Adventure, Comedy            "
62,Dunkirk,2017,63,7.8,"330,252,182",/title/tt5013056/,106 min," Action, Drama, History            "
63,The Imitation Game,2014,64,8,11,/title/tt2084970/,114 min," Biography, Drama, Thriller            "
64,Whiplash,2014,65,8.5,694878,/title/tt2582802/,106 min," Drama, Music            "
65,Little Women,2019,66,7.8,"315,058,289",/title/tt3281548/,135 min," Drama, Romance            "
66,Drive My Car,2021,67,7.6,287188,/title/tt14039582/,179 min, Drama            
67,Star Wars,1977,68,8.6,"38,405,088",/title/tt0076759/,121 min," Action, Adventure, Fantasy            "
68,Heat,1995,69,8.3,1124959,/title/tt0113277/,170 min," Action, Crime, Drama            "
69,Hacksaw Ridge,2016,70,8.1,"19,501,238",/title/tt2119532/,139 min," Biography, Drama, History            "
70,Requiem for a Dream,2000,71,8.3,34,/title/tt0180093/,102 min, Drama            
71,Goodfellas,1990,72,8.7,463092,/title/tt0099685/,145 min," Biography, Crime, Drama            "
72,Ford v Ferrari,2019,73,8.1,"63,540,020",/title/tt1950186/,152 min," Action, Biography, Drama            "
73,What's Eating Gilbert Grape,1993,74,7.7,939985,/title/tt0108550/,118 min, Drama            
74,Donnie Darko,2001,75,8,"74,283,625",/title/tt0246578/,113 min," Drama, Mystery, Sci-Fi            "
75,Call Me by Your Name,2017,76,7.8,152,/title/tt5726616/,132 min," Drama, Romance            "
76,Iron Man,2008,77,7.9,1284041,/title/tt0371746/,126 min," Action, Adventure, Sci-Fi            "
77,Gladiator,2000,78,8.5,"132,384,315",/title/tt0172495/,155 min," Action, Adventure, Drama            "
78,Apocalypse Now,1979,79,8.5,40,/title/tt0078788/,147 min," Drama, Mystery, War            "
79,Back to the Future,1985,80,8.5,1137603,/title/tt0088763/,116 min," Adventure, Comedy, Sci-Fi            "
80,Jojo Rabbit,2019,81,7.9,"333,176,600",/title/tt2584384/,108 min," Comedy, Drama, War            "
81,There Will Be Blood,2007,82,8.2,630976,/title/tt0469494/,158 min, Drama            
82,Ghostbusters,1984,83,7.8,"188,373,161",/title/tt0087332/,105 min," Action, Comedy, Fantasy            "
83,Harry Potter and the Goblet of Fire,2005,84,7.7,747738,/title/tt0330373/,157 min," Adventure, Family, Fantasy            "
84,The Princess Bride,1987,85,8,"91,125,683",/title/tt0093779/,98 min," Adventure, Family, Fantasy            "
85,Deadpool,2016,86,8,806713,/title/tt1431045/,108 min," Action, Adventure, Comedy            "
86,Stand by Me,1986,87,8.1,"13,092,000",/title/tt0092005/,89 min," Adventure, Drama            "
87,Platoon,1986,88,8.1,43,/title/tt0091763/,120 min," Drama, War            "
88,Tombstone,1993,89,7.8,190723,/title/tt0108358/,130 min," Biography, Drama, History            "
89,Scarface,1983,90,8.3,"108,101,214",/title/tt0086250/,170 min," Crime, Drama            "
90,Harry Potter and the Deathly Hallows: Part 2,2011,91,8.1,37844,/title/tt1201607/,130 min," Adventure, Fantasy, Mystery            "
91,Boogie Nights,1997,92,7.9,1319828,/title/tt0118749/,155 min, Drama            
92,Kingsman: The Secret Service,2014,93,7.7,"322,740,140",/title/tt2802144/,129 min," Action, Adventure, Comedy            "
93,The Silence of the Lambs,1991,94,8.6,27,/title/tt0102926/,118 min," Crime, Drama, Thriller            "
94,The Shining,1980,95,8.4,633033,/title/tt0081505/,146 min," Drama, Horror            "
95,Edward Scissorhands,1990,96,7.9,"67,436,818",/title/tt0099487/,105 min," Drama, Fantasy, Romance            "
96,Her,2013,97,8,115,/title/tt1798709/,126 min," Drama, Romance, Sci-Fi            "
97,The Matrix,1999,98,8.7,500608,/title/tt0133093/,136 min," Action, Sci-Fi            "
98,Good Will Hunting,1997,99,8.3,"67,209,615",/title/tt0119217/,126 min," Drama, Romance            "
99, The Prestige,2006,100,8.5,197,/title/tt0482571/,130 min," Drama, Mystery, Thriller            "
100,1 Eternal Sunshine of the Spotless Mind,2004,101,8.3,979636,/title/tt0338013/,108 min," Drama, Romance, Sci-Fi            "
101,2 Office Space,1999,102,7.7,"34,400,301",/title/tt0151804/,89 min, Comedy            
102,3 300,2006,103,7.6,91,/title/tt0416449/,117 min," Action, Drama            "
103,4 Little Miss Sunshine,2006,104,7.8,260455,/title/tt0449059/,101 min," Comedy, Drama            "
104,5 American Beauty,1999,105,8.4,"10,824,921",/title/tt0169547/,122 min, Drama            
105,6 The Truman Show,1998,106,8.2,802052,/title/tt0120382/,103 min," Comedy, Drama            "
106,7 A Clockwork Orange,1971,107,8.3,"210,614,939",/title/tt0066921/,136 min," Crime, Sci-Fi            "
107,8 Baby Driver,2017,108,7.6,469696,/title/tt3890160/,113 min," Action, Crime, Drama            "
108,9 The Lord of the Rings: The Return of the King,2003,109,9,"59,891,098",/title/tt0167260/,201 min," Action, Adventure, Drama            "
109,0 Get Out (I),2017,110,7.7,1130884,/title/tt5052448/,104 min," Horror, Mystery, Thriller            "
110, Blade Runner,1982,111,8.1,"130,096,601",/title/tt0083658/,117 min," Action, Drama, Sci-Fi            "
111, Sicario,2015,112,7.6,67,/title/tt3397884/,121 min," Action, Crime, Drama            "
112, The Godfather: Part II,1974,113,9,1034300,/title/tt0071562/,202 min," Crime, Drama            "
113, 12 Angry Men,1957,114,9,"125,618,201",/title/tt0050083/,96 min," Crime, Drama            "
114, The Hangover,2009,115,7.7,144,/title/tt1119646/,100 min, Comedy            
115, Casino Royale,2006,116,8,808904,/title/tt0381061/,144 min," Action, Adventure, Thriller            "
116, Aliens,1986,117,8.4,"6,207,725",/title/tt0090605/,137 min," Action, Adventure, Sci-Fi            "
117, Full Metal Jacket,1987,118,8.3,102,/title/tt0093058/,116 min," Drama, War            "
118, Shutter Island,2010,119,8.2,511027,/title/tt1130884/,138 min," Mystery, Thriller            "
119, Nightcrawler,2014,120,7.8,"107,825,862",/title/tt2872718/,117 min," Crime, Drama, Thriller            "
120, Deadpool 2,2018,121,7.7,1774643,/title/tt5463162/,119 min," Action, Adventure, Comedy            "
121, Black Swan,2010,122,8,"377,845,905",/title/tt0947798/,108 min," Drama, Thriller            "
122, What We Do in the Shadows,2014,123,7.6,7,/title/tt3416742/,86 min," Comedy, Horror            "
123, The Big Short,2015,124,7.8,559827,/title/tt1596363/,130 min," Biography, Comedy, Drama            "
124, Arrival (II),2016,125,7.9,"176,040,665",/title/tt2543164/,116 min," Drama, Sci-Fi            "
125, The Avengers,2012,126,8,747854,/title/tt0848228/,143 min," Action, Adventure, Sci-Fi            "
126, The Hunt,2012,127,8.3,"32,868,943",/title/tt2106476/,115 min, Drama            
127, The Grand Budapest Hotel,2014,128,8.1,175,/title/tt2278388/,99 min," Adventure, Comedy, Crime            "
128, Drive (I),2011,129,7.8,416162,/title/tt0780504/,100 min," Action, Drama            "
129," Lock, Stock and Two Smoking Barrels",1998,130,8.2,"46,889,293",/title/tt0120735/,107 min," Action, Comedy, Crime            "
130, Watchmen,2009,131,7.6,1228631,/title/tt0409459/,162 min," Action, Drama, Mystery            "
131, Snatch,2000,132,8.3,"57,300,000",/title/tt0208092/,102 min," Comedy, Crime            "
132, The Notebook,2004,133,7.8,4,/title/tt0332280/,123 min," Drama, Romance            "
133, Love Actually,2003,134,7.6,762471,/title/tt0314331/,135 min," Comedy, Drama, Romance            "
134, Hamilton,2020,135,8.4,"4,360,000",/title/tt8503618/,160 min," Biography, Drama, History            "
135, The Irishman,2019,136,7.8,5,/title/tt1302006/,209 min," Biography, Crime, Drama            "
136, One Flew Over the Cuckoo's Nest,1975,137,8.7,766477,/title/tt0073486/,133 min, Drama            
137, The Big Lebowski,1998,138,8.1,"277,322,503",/title/tt0118715/,117 min," Comedy, Crime            "
138, Apocalypto,2006,139,7.8,643721,/title/tt0472043/,139 min," Action, Adventure, Drama            "
139, Spirited Away,2001,140,8.6,"167,445,960",/title/tt0245429/,125 min," Animation, Adventure, Family            "
140, Oldboy,2003,141,8.4,698682,/title/tt0364569/,120 min," Action, Drama, Mystery            "
141, The Father (I),2020,142,8.3,"85,160,248",/title/tt10272386/,97 min," Drama, Mystery            "
142, Indiana Jones and the Raiders of the Lost Ark,1981,143,8.4,66,/title/tt0082971/,115 min," Action, Adventure            "
143, Argo,2012,144,7.7,723286,/title/tt1024648/,120 min," Biography, Drama, Thriller            "
144, Unforgiven,1992,145,8.2,"46,357,676",/title/tt0105695/,130 min," Drama, Western            "
145, The Usual Suspects,1995,146,8.5,104,/title/tt0114814/,106 min," Crime, Drama, Mystery            "
146, The Martian,2015,147,8,1255816,/title/tt3659388/,144 min," Adventure, Drama, Sci-Fi            "
147, The Breakfast Club,1985,148,7.8,"128,012,934",/title/tt0088847/,97 min," Comedy, Drama            "
148, Bohemian Rhapsody,2018,149,7.9,149,/title/tt1727824/,134 min," Biography, Drama, Music            "
149, Blue Velvet,1986,150,7.7,522759,/title/tt0090756/,120 min," Crime, Drama, Mystery            "
150,1 Ferris Bueller's Day Off,1986,151,7.8,347702,/title/tt0091042/,103 min, Comedy            
151,2 Dead Poets Society,1989,152,8.1,"70,136,369",/title/tt0097165/,128 min," Comedy, Drama            "
152,3 Airplane!,1980,153,7.7,471125,/title/tt0080339/,88 min, Comedy            
153,4 Star Wars: Episode VII - The Force Awakens,2015,154,7.8,"95,860,116",/title/tt2488496/,138 min," Action, Adventure, Sci-Fi            "
154,5 Moana (I),2016,155,7.6,210,/title/tt3521164/,107 min," Animation, Adventure, Comedy            "
155,6 Harry Potter and the Prisoner of Azkaban,2004,156,7.9,232979,/title/tt0304141/,142 min," Adventure, Family, Fantasy            "
156,7 Zodiac,2007,157,7.7,"83,400,000",/title/tt0443706/,157 min," Crime, Drama, Mystery            "
157,8 Man on Fire,2004,158,7.7,907984,/title/tt0328107/,146 min," Action, Crime, Drama            "
158,9 The Handmaiden,2016,159,8.1,"936,662,225",/title/tt4016934/,145 min," Drama, Romance, Thriller            "
159,0 Memento,2000,160,8.4,319931,/title/tt0209144/,113 min," Mystery, Thriller            "
160, Guardians of the Galaxy Vol 2,2017,161,7.6,"248,757,044",/title/tt3896198/,136 min," Action, Adventure, Comedy            "
161, Harry Potter and the Deathly Hallows: Part 1,2010,162,7.7,613283,/title/tt0926084/,146 min," Adventure, Family, Fantasy            "
162, The Sixth Sense,1999,163,8.2,"249,358,727",/title/tt0167404/,107 min," Drama, Mystery, Thriller            "
163, Atonement,2007,164,7.8,523274,/title/tt0783233/,123 min," Drama, Mystery, Romance            "
164, V for Vendetta,2005,165,8.2,"33,080,084",/title/tt0434409/,132 min," Action, Drama, Sci-Fi            "
165, The Last Picture Show,1971,166,8,356119,/title/tt0067328/,118 min," Drama, Romance            "
166, Wind River,2017,167,7.7,"77,911,774",/title/tt5362988/,107 min," Crime, Drama, Mystery            "
167, Braveheart,1995,168,8.4,138085,/title/tt0112573/,178 min," Biography, Drama, History            "
168, Rogue One: A Star Wars Story,2016,169,7.8,"2,006,788",/title/tt3748528/,133 min," Action, Adventure, Sci-Fi            "
169, Zootopia,2016,170,8,244,/title/tt2948356/,108 min," Animation, Adventure, Comedy            "
170, The Help,2011,171,8.1,1205746,/title/tt1454029/,146 min, Drama            
171, City of God,2002,172,8.6,"25,544,867",/title/tt0317248/,130 min," Crime, Drama            "
172, La La Land,2016,173,8,53,/title/tt3783958/,128 min," Comedy, Drama, Music            "
173, Ocean's Eleven,2001,174,7.7,647947,/title/tt0240772/,116 min," Crime, Thriller            "
174, About Time (I),2013,175,7.8,"389,813,101",/title/tt2194499/,123 min," Comedy, Drama, Fantasy            "
175, Stardust,2007,176,7.6,530368,/title/tt0486655/,127 min," Adventure, Family, Fantasy            "
176, The Social Network,2010,177,7.8,"295,983,305",/title/tt1285016/,120 min," Biography, Drama            "
177, The Hobbit: An Unexpected Journey,2012,178,7.8,967849,/title/tt0903624/,169 min," Adventure, Fantasy            "
178, Donnie Brasco,1997,179,7.7,"293,506,292",/title/tt0119008/,127 min," Biography, Crime, Drama            "
179, Once Upon a Time in America,1984,180,8.3,143,/title/tt0087843/,229 min," Crime, Drama            "
180," The Good, the Bad and the Ugly",1966,181,8.8,272142,/title/tt0060196/,178 min," Adventure, Western            "
181, A Beautiful Mind,2001,182,8.2,"50,927,067",/title/tt0268978/,135 min," Biography, Drama            "
182, Willy Wonka & the Chocolate Factory,1971,183,7.8,1097884,/title/tt0067992/,100 min," Family, Fantasy, Musical            "
183, Almost Famous,2000,184,7.9,"70,511,035",/title/tt0181875/,122 min," Adventure, Comedy, Drama            "
184, The Blind Side,2009,185,7.6,158,/title/tt0878804/,129 min," Biography, Drama, Sport            "
185, Predator,1987,186,7.8,47536,/title/tt0093773/,107 min," Action, Adventure, Horror            "
186, The Wizard of Oz,1939,187,8.1,"29,133,000",/title/tt0032138/,102 min," Adventure, Family, Fantasy            "
187, District 9,2009,188,7.9,242716,/title/tt1136608/,112 min," Action, Sci-Fi, Thriller            "
188, Green Book,2018,189,8.2,"33,800,859",/title/tt6966692/,130 min," Biography, Comedy, Drama            "
189, Die Hard,1988,190,8.2,1015834,/title/tt0095016/,132 min," Action, Thriller            "
190, Moneyball,2011,191,7.6,"75,600,000",/title/tt1210166/,133 min," Biography, Drama, Sport            "
191, Logan,2017,192,8.1,73,/title/tt3315342/,137 min," Action, Drama, Sci-Fi            "
192, Shrek,2001,193,7.9,604536,/title/tt0126029/,90 min," Animation, Adventure, Comedy            "
193," O Brother, Where Art Thou?",2000,194,7.7,"532,177,324",/title/tt0190590/,107 min," Adventure, Comedy, Crime            "
194, Ratatouille,2007,195,8.1,480826,/title/tt0382932/,111 min," Animation, Adventure, Comedy            "
195, Mission: Impossible - Fallout,2018,196,7.7,"341,268,248",/title/tt4912910/,147 min," Action, Adventure, Thriller            "
196, ET the Extra-Terrestrial,1982,197,7.9,449318,/title/tt0083866/,115 min," Adventure, Family, Sci-Fi            "
197, Mulholland Drive,2001,198,7.9,"169,708,112",/title/tt0166924/,147 min," Drama, Mystery, Thriller            "
198, Skyfall,2012,199,7.8,247,/title/tt1074638/,143 min," Action, Adventure, Thriller            "
199, Kill Bill: Vol 1,2003,200,8.2,740333,/title/tt0266697/,111 min," Action, Crime, Drama            "
200,1 A Few Good Men,1992,201,7.7,256088,/title/tt0104257/,138 min," Drama, Thriller            "
201,2 Terminator 2: Judgment Day,1991,202,8.6,"141,340,178",/title/tt0103064/,137 min," Action, Sci-Fi            "
202,3 The Incredibles,2004,203,8,1066622,/title/tt0317705/,115 min," Animation, Action, Adventure            "
203,4 The Girl with the Dragon Tattoo,2011,204,7.8,"204,843,350",/title/tt1568346/,158 min," Crime, Drama, Mystery            "
204,5 2001: A Space Odyssey,1968,205,8.3,29,/title/tt0062622/,149 min," Adventure, Sci-Fi            "
205,6 Come and See,1985,206,8.4,708536,/title/tt0091251/,142 min," Drama, Thriller, War            "
206,7 LA Confidential,1997,207,8.3,"261,441,092",/title/tt0119488/,138 min," Crime, Drama, Mystery            "
207,8 The Perks of Being a Wallflower,2012,208,8,227,/title/tt1659337/,103 min," Drama, Romance            "
208,9 True Romance,1993,209,7.9,454946,/title/tt0108399/,119 min," Crime, Drama, Romance            "
209,0 The Hateful Eight,2015,210,7.8,"102,515,793",/title/tt3460252/,168 min," Crime, Drama, Mystery            "
210, Casino,1995,211,8.2,650763,/title/tt0112641/,178 min," Crime, Drama            "
211, Training Day,2001,212,7.7,"56,954,992",/title/tt0139654/,122 min," Action, Crime, Drama            "
212, Captain America: Civil War,2016,213,7.8,89,/title/tt3498820/,147 min," Action, Adventure, Sci-Fi            "
213, Star Trek,2009,214,7.9,74639,/title/tt0796366/,127 min," Action, Adventure, Sci-Fi            "
214, American Gangster,2007,215,7.8,103,/title/tt0765429/,157 min," Biography, Crime, Drama            "
215, Another Round,2020,216,7.7,570883,/title/tt10288566/,117 min," Comedy, Drama            "
216, Sin City,2005,217,8,"64,616,940",/title/tt0401792/,124 min," Crime, Thriller            "
217, Catch Me If You Can,2002,218,8.1,113,/title/tt0264464/,141 min," Biography, Crime, Drama            "
218, Reservoir Dogs,1992,219,8.3,497562,/title/tt0105236/,99 min," Crime, Drama, Thriller            "
219, Toy Story,1995,220,8.3,"17,742,948",/title/tt0114709/,81 min," Animation, Adventure, Comedy            "
220, Warrior,2011,221,8.2,222891,/title/tt1291584/,140 min," Action, Drama, Sport            "
221, The Revenant,2015,222,8,"12,281,500",/title/tt1663202/,156 min," Action, Adventure, Drama            "
222, Jaws,1975,223,8.1,577528,/title/tt0073195/,124 min," Adventure, Thriller            "
223, Kick-Ass,2010,224,7.6,"54,117,416",/title/tt1250777/,117 min," Action, Comedy, Crime            "
224, The Pianist,2002,225,8.5,505283,/title/tt0253474/,150 min," Biography, Drama, Music            "
225, The Terminator,1984,226,8.1,"42,438,300",/title/tt0088247/,107 min," Action, Sci-Fi            "
226, Star Wars: Episode V - The Empire Strikes Back,1980,227,8.7,138,/title/tt0080684/,124 min," Action, Adventure, Fantasy            "
227, Star Wars: Episode III - Revenge of the Sith,2005,228,7.6,424333,/title/tt0121766/,140 min," Action, Adventure, Fantasy            "
228, American History X,1998,229,8.5,"76,631,907",/title/tt0120586/,119 min, Drama            
229, Blue Is the Warmest Colour,2013,230,7.7,751388,/title/tt2278871/,180 min," Drama, Romance            "
230, Psycho,1960,231,8.5,"408,084,349",/title/tt0054215/,109 min," Horror, Mystery, Thriller            "
231, Apollo 13 (I),1995,232,7.7,597619,/title/tt0112384/,140 min," Adventure, Drama, History            "
232, Into the Wild,2007,233,8.1,"257,730,019",/title/tt0758758/,148 min," Adventure, Biography, Drama            "
233, Memories of Murder,2003,234,8.1,418727,/title/tt0353969/,132 min," Crime, Drama, Mystery            "
234, The Ten Commandments,1956,235,7.9,"130,164,645",/title/tt0049833/,220 min," Adventure, Drama, Family            "
235, Inside Out (I),2015,236,8.2,142420,/title/tt2096673/,95 min," Animation, Adventure, Comedy            "
236, Birdman or (The Unexpected Virtue of Ignorance),2014,237,7.7,759930,/title/tt2562232/,119 min," Comedy, Drama            "
237, Coraline,2009,238,7.7,"74,103,820",/title/tt0327597/,100 min," Animation, Drama, Family            "
238, The Lord of the Rings: The Two Towers,2002,239,8.8,937023,/title/tt0167261/,179 min," Action, Adventure, Drama            "
239, Life Is Beautiful,1997,240,8.6,"164,615,351",/title/tt0118799/,116 min," Comedy, Drama, Romance            "
240, X: First Class,2011,241,7.7,177,/title/tt1270798/,131 min," Action, Adventure, Sci-Fi            "
241, Star Wars: Episode VI - Return of the Jedi,1983,242,8.3,989216,/title/tt0086190/,131 min," Action, Adventure, Fantasy            "
242," Three Billboards Outside Ebbing, Missouri",2017,243,8.1,"2,832,029",/title/tt5027774/,115 min," Comedy, Crime, Drama            "
243, Fargo,1996,244,8.1,90,/title/tt0116282/,98 min," Crime, Thriller            "
244, The Exorcist,1973,245,8.1,962014,/title/tt0070047/,122 min, Horror            
245, Brokeback Mountain,2005,246,7.7,"191,796,233",/title/tt0388795/,134 min," Drama, Romance            "
246, Amadeus,1984,247,8.4,75,/title/tt0086879/,160 min," Biography, Drama, Music            "
247, The Intouchables,2011,248,8.5,462926,/title/tt1675434/,112 min," Biography, Comedy, Drama            "
248, 12 Years a Slave,2013,249,8.1,"13,657,115",/title/tt2024544/,134 min," Biography, Drama, History            "
249, How to Train Your Dragon,2010,250,8.1,169,/title/tt0892769/,98 min," Animation, Action, Adventure            "
250,1 Young Frankenstein,1974,251,8,155494,/title/tt0072431/,106 min, Comedy            
251,2 Hell or High Water (II),2016,252,7.6,"86,300,000",/title/tt2582782/,102 min," Action, Crime, Drama            "
252,3 The Mitchells vs the Machines,2021,253,7.6,224924,/title/tt7979580/,113 min," Animation, Adventure, Comedy            "
253,4 The Curious Case of Benjamin Button,2008,254,7.8,"26,862,450",/title/tt0421715/,166 min," Drama, Fantasy, Romance            "
254,5 Superbad,2007,255,7.6,100402,/title/tt0829482/,113 min, Comedy            
255,6 Rush (I),2013,256,8.1,634402,/title/tt1979320/,123 min," Action, Biography, Drama            "
256,7 12 Monkeys,1995,257,8,"127,509,326",/title/tt0114746/,129 min," Mystery, Sci-Fi, Thriller            "
257,8 Howl's Moving Castle,2004,258,8.2,562139,/title/tt0347149/,119 min," Animation, Adventure, Family            "
258,9 Gattaca,1997,259,7.8,"121,463,226",/title/tt0119177/,106 min," Drama, Sci-Fi, Thriller            "
259,0 Pan's Labyrinth,2006,260,8.2,467993,/title/tt0457430/,118 min," Drama, Fantasy, War            "
260, Edge of Tomorrow,2014,261,7.9,"26,947,624",/title/tt1631867/,113 min," Action, Adventure, Sci-Fi            "
261, Your Name,2016,262,8.4,216,/title/tt5311514/,106 min," Animation, Drama, Fantasy            "
262, Soul,2020,263,8,608129,/title/tt2948372/,100 min," Animation, Adventure, Comedy            "
263, Cast Away,2000,264,7.8,"57,141,459",/title/tt0162222/,143 min," Adventure, Drama, Romance            "
264, Trainspotting,1996,265,8.1,378378,/title/tt0117951/,93 min, Drama            
265, Big Fish,2003,266,8,"4,711,096",/title/tt0319061/,125 min," Adventure, Drama, Fantasy            "
266, Coco (I),2017,267,8.4,165,/title/tt2380307/,105 min," Animation, Adventure, Comedy            "
267, Midnight in Paris,2011,268,7.7,298198,/title/tt1605783/,94 min," Comedy, Fantasy, Romance            "
268, Incredibles 2,2018,269,7.6,"12,339,633",/title/tt3606756/,118 min," Animation, Action, Adventure            "
269, The Last Samurai,2003,270,7.8,655521,/title/tt0325710/,154 min," Action, Drama            "
270, Hot Fuzz,2007,271,7.8,"37,634,615",/title/tt0425112/,121 min," Action, Comedy, Mystery            "
271, The Sound of Music,1965,272,8.1,137,/title/tt0059742/,172 min," Biography, Drama, Family            "
272, The Thing,1982,273,8.2,655187,/title/tt0084787/,109 min," Horror, Mystery, Sci-Fi            "
273, Paddington 2,2017,274,7.8,"100,206,256",/title/tt4468740/,103 min," Adventure, Comedy, Family            "
274, Room (I),2015,275,8.1,249263,/title/tt3170832/,118 min," Drama, Thriller            "
275, The Godfather: Part III,1990,276,7.6,"5,017,246",/title/tt0099674/,162 min," Crime, Drama            "
276, Inside Man,2006,277,7.6,86,/title/tt0454848/,129 min," Crime, Drama, Mystery            "
277, Silver Linings Playbook,2012,278,7.7,308148,/title/tt1045658/,122 min," Comedy, Drama, Romance            "
278, Finding Nemo,2003,279,8.2,575206,/title/tt0266543/,100 min," Animation, Adventure, Comedy            "
279, Rocky,1976,280,8.1,"233,632,142",/title/tt0075148/,120 min," Drama, Sport            "
280, Captain America: The Winter Soldier,2014,281,7.8,673114,/title/tt1843866/,136 min," Action, Adventure, Sci-Fi            "
281, Aladdin,1992,282,8,"16,501,785",/title/tt0103639/,90 min," Animation, Adventure, Comedy            "
282, Manchester by the Sea,2016,283,7.8,166,/title/tt4034228/,137 min, Drama            
283, Singin' in the Rain,1952,284,8.3,435522,/title/tt0045152/,103 min," Comedy, Musical, Romance            "
284, Once Upon a Time in the West,1968,285,8.5,"66,257,002",/title/tt0064116/,165 min, Western            
285, Home Alone,1990,286,7.7,475450,/title/tt0099785/,103 min," Comedy, Family            "
286, Planet of the Apes,1968,287,8,"209,726,015",/title/tt0063442/,112 min," Adventure, Sci-Fi            "
287, Black Hawk Down,2001,288,7.7,77,/title/tt0265086/,144 min," Action, Drama, History            "
288, True Grit,2010,289,7.6,415806,/title/tt1403865/,110 min," Drama, Western            "
289, WALL·E,2008,290,8.4,"56,816,662",/title/tt0910970/,98 min," Animation, Adventure, Family            "
290, RoboCop,1987,291,7.6,284715,/title/tt0093870/,102 min," Action, Crime, Sci-Fi            "
291, X-Men: Days of Future Past,2014,292,8,"608,581,744",/title/tt1877832/,132 min," Action, Adventure, Sci-Fi            "
292, Shaun of the Dead,2004,293,7.9,429137,/title/tt0365748/,99 min," Comedy, Horror            "
293, Casablanca,1942,294,8.5,"111,110,575",/title/tt0034583/,102 min," Drama, Romance, War            "
294, Remember the Titans,2000,295,7.8,495456,/title/tt0210945/,113 min," Biography, Drama, Sport            "
295, Gone with the Wind,1939,296,8.2,"23,637,265",/title/tt0031381/,238 min," Drama, History, Romance            "
296, Slumdog Millionaire,2008,297,8,225886,/title/tt1010048/,120 min," Drama, Romance            "
297, Amélie,2001,298,8.3,"163,214,286",/title/tt0211915/,122 min," Comedy, Romance            "
298, The Fugitive,1993,299,7.8,242,/title/tt0106977/,130 min," Action, Crime, Drama            "
299, Hidden Figures,2016,300,7.8,408831,/title/tt4846340/,127 min," Biography, Drama, History            "
300,1 The Hobbit: The Desolation of Smaug,2013,301,7.8,642166,/title/tt1170358/,161 min," Adventure, Fantasy            "
301,"2 Monsters, Inc",2001,302,8.1,"258,366,855",/title/tt0198781/,92 min," Animation, Adventure, Comedy            "
302,3 Before Sunrise,1995,303,8.1,881778,/title/tt0112471/,101 min," Drama, Romance            "
303,4 500 Days of Summer,2009,304,7.7,"289,916,256",/title/tt1022603/,95 min," Comedy, Drama, Romance            "
304,5 Spotlight (I),2015,305,8.1,206,/title/tt1895587/,129 min," Biography, Crime, Drama            "
305,6 3 Idiots,2009,306,8.4,298134,/title/tt1187043/,170 min," Comedy, Drama            "
306,7 Up,2009,307,8.3,"5,535,405",/title/tt1049413/,96 min," Animation, Adventure, Comedy            "
307,8 Tangled,2010,308,7.7,186,/title/tt0398286/,100 min," Animation, Adventure, Comedy            "
308,9 Finding Neverland,2004,309,7.7,502416,/title/tt0308644/,106 min," Biography, Drama, Family            "
309,0 The Thin Red Line,1998,310,7.6,"32,391,374",/title/tt0120863/,170 min," Drama, History, War            "
310, Taken (I),2008,311,7.8,458857,/title/tt0936501/,90 min," Action, Crime, Thriller            "
311, The Lego Movie,2014,312,7.7,"45,055,776",/title/tt1490017/,100 min," Animation, Action, Adventure            "
312, In Bruges,2008,313,7.9,217,/title/tt0780536/,107 min," Comedy, Crime, Drama            "
313, A Star Is Born,2018,314,7.6,385273,/title/tt1517451/,136 min," Drama, Music, Romance            "
314, Downfall,2004,315,8.2,"6,532,908",/title/tt0363163/,156 min," Biography, Drama, History            "
315, My Cousin Vinny,1992,316,7.6,88,/title/tt0104952/,120 min," Comedy, Crime            "
316, The Butterfly Effect,2004,317,7.6,1012448,/title/tt0289879/,113 min," Drama, Sci-Fi, Thriller            "
317, Crash (I),2004,318,7.8,"293,004,164",/title/tt0375679/,112 min," Crime, Drama, Thriller            "
318, The Lives of Others,2006,319,8.4,114,/title/tt0405094/,137 min," Drama, Mystery, Thriller            "
319, All About Eve,1950,320,8.2,439630,/title/tt0042192/,138 min, Drama            
320, Dances with Wolves,1990,321,8,"200,821,936",/title/tt0099348/,181 min," Adventure, Drama, Western            "
321, Dallas Buyers Club,2013,322,7.9,204703,/title/tt0790636/,117 min," Biography, Drama            "
322, Indiana Jones and the Last Crusade,1989,323,8.2,"51,680,613",/title/tt0097576/,127 min," Action, Adventure            "
323, The Count of Monte Cristo,2002,324,7.7,185215,/title/tt0245844/,131 min," Action, Adventure, Drama            "
324, Captain Fantastic,2016,325,7.8,"36,400,491",/title/tt3553976/,118 min," Comedy, Drama            "
325, Marriage Story,2019,326,7.9,592953,/title/tt7653254/,137 min," Drama, Romance            "
326, The Last of the Mohicans,1992,327,7.7,"145,000,989",/title/tt0104691/,112 min," Action, Adventure, Drama            "
327, Incendies,2010,328,8.3,345988,/title/tt1255953/,131 min," Drama, Mystery, War            "
328," Crouching Tiger, Hidden Dragon",2000,329,7.9,"257,760,692",/title/tt0190332/,120 min," Action, Adventure, Drama            "
329, Saw,2004,330,7.6,413479,/title/tt0387564/,103 min," Horror, Mystery, Thriller            "
330, The Boy in the Striped Pajamas,2008,331,7.7,"7,757,130",/title/tt0914798/,94 min," Drama, War            "
331, Kung Fu Panda,2008,332,7.6,372536,/title/tt0441773/,92 min," Animation, Action, Adventure            "
332, Big Hero 6,2014,333,7.8,"215,288,866",/title/tt2245084/,102 min," Animation, Action, Adventure            "
333, Toy Story 4,2019,334,7.7,349907,/title/tt1979376/,100 min," Animation, Adventure, Comedy            "
334, The Fighter (I),2010,335,7.8,"5,509,040",/title/tt0964517/,116 min," Action, Biography, Drama            "
335, The Blues Brothers,1980,336,7.9,125,/title/tt0080455/,133 min," Action, Adventure, Comedy            "
336, Misery,1990,337,7.8,121395,/title/tt0100157/,107 min," Drama, Thriller            "
337, Children of Men,2006,338,7.9,"52,929,168",/title/tt0206634/,109 min," Action, Drama, Sci-Fi            "
338, The Machinist,2004,339,7.7,480009,/title/tt0361862/,101 min," Drama, Thriller            "
339, Halloween,1978,340,7.7,"57,938,693",/title/tt0077651/,91 min," Horror, Thriller            "
340, The Deer Hunter,1978,341,8.1,433111,/title/tt0077416/,183 min," Drama, War            "
341, Moon,2009,342,7.8,"54,580,300",/title/tt1182345/,97 min," Drama, Mystery, Sci-Fi            "
342, The Holy Mountain,1973,343,7.8,382852,/title/tt0071615/,114 min," Adventure, Drama, Fantasy            "
343, Adaptation,2002,344,7.7,"11,286,112",/title/tt0268126/,115 min," Comedy, Drama            "
344, Cinema Paradiso,1988,345,8.5,59,/title/tt0095765/,155 min," Drama, Romance            "
345, Boyhood (I),2014,346,7.9,129459,/title/tt1065073/,165 min, Drama            
346, Dr Strangelove or: How I Learned to Stop Worrying and Love the Bomb,1964,347,8.4,"10,177",/title/tt0057012/,95 min," Comedy, War            "
347, Grave of the Fireflies,1988,348,8.5,132,/title/tt0095327/,89 min," Animation, Drama, War            "
348, Chinatown,1974,349,8.2,259413,/title/tt0071315/,130 min," Drama, Mystery, Thriller            "
349, Rain Man,1988,350,8,"184,208,848",/title/tt0095953/,133 min, Drama            
350,1 The Game,1997,351,7.7,382991,/title/tt0119174/,129 min," Drama, Mystery, Thriller            "
351,2 The Little Mermaid,1989,352,7.6,"48,323,648",/title/tt0097757/,83 min," Animation, Adventure, Comedy            "
352,3 Mystic River,2003,353,7.9,255417,/title/tt0327056/,138 min," Crime, Drama, Mystery            "
353,4 The Sandlot,1993,354,7.8,"111,543,479",/title/tt0108037/,101 min," Comedy, Drama, Family            "
354,5 The Bourne Identity,2002,355,7.9,448577,/title/tt0258463/,119 min," Action, Mystery, Thriller            "
355,6 Ben-Hur,1959,356,8.1,"90,135,191",/title/tt0052618/,212 min," Adventure, Drama, History            "
356,7 Minority Report,2002,357,7.7,88853,/title/tt0181689/,145 min," Action, Crime, Mystery            "
357,8 Wonder (I),2017,358,7.9,"32,416,586",/title/tt2543472/,113 min," Drama, Family            "
358,9 Beauty and the Beast,1991,359,8,537762,/title/tt0101414/,84 min," Animation, Family, Fantasy            "
359,0 Scent of a Woman,1992,360,8,"121,661,683",/title/tt0105323/,156 min, Drama            
360, Hunt for the Wilderpeople,2016,361,7.8,235292,/title/tt4698684/,101 min," Adventure, Comedy, Drama            "
361, The Fly,1986,362,7.6,"74,700,000",/title/tt0091064/,96 min," Drama, Horror, Sci-Fi            "
362, Monty Python and the Holy Grail,1975,363,8.2,180,/title/tt0071853/,91 min," Adventure, Comedy, Fantasy            "
363, The Graduate,1967,364,8,539547,/title/tt0061722/,106 min," Comedy, Drama, Romance            "
364, Lost in Translation,2003,365,7.7,"132,072,926",/title/tt0335266/,102 min," Comedy, Drama            "
365, Gone Baby Gone,2007,366,7.6,159786,/title/tt0452623/,114 min," Crime, Drama, Mystery            "
366, Serenity,2005,367,7.8,"132,422,809",/title/tt0379786/,119 min," Action, Adventure, Sci-Fi            "
367, Fantastic Mr Fox,2009,368,7.9,441431,/title/tt0432283/,87 min," Animation, Adventure, Comedy            "
368, Lord of War,2005,369,7.6,"218,967,620",/title/tt0399295/,122 min," Crime, Drama            "
369, Moonrise Kingdom,2012,370,7.8,248,/title/tt1748122/,94 min," Comedy, Drama, Romance            "
370, Ed Wood,1994,371,7.8,288478,/title/tt0109707/,127 min," Biography, Comedy, Drama            "
371, Sense and Sensibility,1995,372,7.7,"63,895,607",/title/tt0114388/,136 min," Drama, Romance            "
372, Lion,2016,373,8,126854,/title/tt3741834/,118 min," Biography, Drama            "
373, Dawn of the Planet of the Apes,2014,374,7.6,"5,202,582",/title/tt2103281/,130 min," Action, Adventure, Drama            "
374, The Theory of Everything,2014,375,7.7,176195,/title/tt2980516/,123 min," Biography, Drama, Romance            "
375, Deliverance,1972,376,7.7,"40,456,565",/title/tt0068473/,109 min," Adventure, Drama, Thriller            "
376, The Lady Vanishes,1938,377,7.8,530870,/title/tt0030341/,96 min," Mystery, Thriller            "
377, Baahubali 2: The Conclusion,2017,378,8.2,"1,229,197",/title/tt4849438/,167 min," Action, Drama            "
378, Million Dollar Baby,2004,379,8.1,141,/title/tt0405159/,132 min," Drama, Sport            "
379, Rosemary's Baby,1968,380,8,269091,/title/tt0063522/,137 min," Drama, Horror            "
380, Rear Window,1954,381,8.5,"104,945,305",/title/tt0047396/,112 min," Mystery, Thriller            "
381, Y tu mamá también,2001,382,7.7,444229,/title/tt0245574/,106 min, Drama            
382, 3:10 to Yuma,2007,383,7.7,"44,585,453",/title/tt0381849/,122 min," Action, Crime, Drama            "
383, As Good as It Gets,1997,384,7.7,268899,/title/tt0119822/,139 min," Comedy, Drama, Romance            "
384, Capernaum,2018,385,8.4,"20,300,218",/title/tt8267604/,126 min, Drama            
385, Blood Diamond,2006,386,8,293674,/title/tt0450259/,143 min," Adventure, Drama, Thriller            "
386, Mary Poppins,1964,387,7.8,"25,514,517",/title/tt0058331/,139 min," Comedy, Family, Fantasy            "
387, Toy Story 3,2010,388,8.3,224512,/title/tt0435761/,103 min," Animation, Adventure, Comedy            "
388, To Kill a Mockingbird,1962,389,8.3,"21,002,919",/title/tt0056592/,129 min," Crime, Drama            "
389, The Fault in Our Stars,2014,390,7.7,310873,/title/tt2582846/,126 min," Drama, Romance            "
390, The Trial of the Chicago 7,2020,391,7.7,"24,149,632",/title/tt1070874/,129 min," Drama, History, Thriller            "
391, Princess Mononoke,1997,392,8.4,343596,/title/tt0119698/,134 min," Animation, Action, Adventure            "
392, The Untouchables,1987,393,7.9,"45,512,466",/title/tt0094226/,119 min," Crime, Drama, Thriller            "
393, Dark Waters,2019,394,7.6,174084,/title/tt9071322/,126 min," Biography, Drama, History            "
394, Star Trek Into Darkness,2013,395,7.7,"5,887,457",/title/tt1408101/,132 min," Action, Adventure, Sci-Fi            "
395, It's a Wonderful Life,1946,396,8.6,113546,/title/tt0038650/,130 min," Drama, Family, Fantasy            "
396, Mr Nobody,2009,397,7.8,"43,182,776",/title/tt0485947/,141 min," Drama, Fantasy, Romance            "
397, Metropolis,1927,398,8.3,231868,/title/tt0017136/,153 min," Drama, Sci-Fi            "
398, Seven Samurai,1954,399,8.6,"51,739,495",/title/tt0047478/,207 min," Action, Drama            "
399, Citizen Kane,1941,400,8.3,433407,/title/tt0033467/,119 min," Drama, Mystery            "
400,1 The Pursuit of Happyness,2006,401,8,494912,/title/tt0454921/,117 min," Biography, Drama            "
401,2 Primal Fear,1996,402,7.7,"163,566,459",/title/tt0117381/,129 min," Crime, Drama, Mystery            "
402,3 Portrait of a Lady on Fire,2019,403,8.1,208097,/title/tt8613070/,122 min," Drama, Romance            "
403,4 Back to the Future Part II,1989,404,7.8,"56,116,183",/title/tt0096874/,108 min," Adventure, Comedy, Sci-Fi            "
404,5 Sound of Metal,2019,405,7.7,85617,/title/tt5363618/,120 min," Drama, Music            "
405,6 Falling Down,1993,406,7.6,"3,759,854",/title/tt0106856/,113 min," Crime, Drama, Thriller            "
406,7 Straight Outta Compton,2015,407,7.8,517599,/title/tt1398426/,147 min," Biography, Drama, History            "
407,8 Kill Bill: Vol 2,2004,408,8,"118,500,000",/title/tt0378194/,137 min," Action, Crime, Thriller            "
408,9 Gravity,2013,409,7.7,118814,/title/tt1454468/,91 min," Action, Drama, Sci-Fi            "
409,0 Despicable Me,2010,410,7.6,186205,/title/tt1323594/,95 min," Animation, Adventure, Comedy            "
410, Goldfinger,1964,411,7.7,"40,903,593",/title/tt0058150/,110 min," Action, Adventure, Thriller            "
411, The Others,2001,412,7.6,196974,/title/tt0230600/,104 min," Horror, Mystery, Thriller            "
412, Who Framed Roger Rabbit,1988,413,7.7,"161,197,785",/title/tt0096438/,104 min," Animation, Adventure, Comedy            "
413, Life of Pi,2012,414,7.9,736154,/title/tt0454876/,127 min," Adventure, Drama, Fantasy            "
414, Nosferatu,1922,415,7.9,"66,208,183",/title/tt0013442/,94 min," Fantasy, Horror            "
415, Magnolia,1999,416,8,811166,/title/tt0175880/,188 min, Drama            
416, Some Like It Hot,1959,417,8.2,"274,092,705",/title/tt0053291/,121 min," Comedy, Music, Romance            "
417, The Magnificent Seven,1960,418,7.7,532474,/title/tt0054047/,128 min," Action, Adventure, Western            "
418, Groundhog Day,1993,419,8.1,"251,513,985",/title/tt0107048/,101 min," Comedy, Drama, Fantasy            "
419, Vertigo,1958,420,8.3,186888,/title/tt0052357/,128 min," Mystery, Romance, Thriller            "
420, Gran Torino,2008,421,8.1,"51,081,062",/title/tt1205489/,116 min, Drama            
421, Dog Day Afternoon,1975,422,8,358827,/title/tt0072890/,125 min," Biography, Crime, Drama            "
422, Walk the Line,2005,423,7.8,"96,522,687",/title/tt0358273/,136 min," Biography, Drama, Music            "
423, Mulan,1998,424,7.6,196506,/title/tt0120762/,88 min," Animation, Adventure, Comedy            "
424, The King's Speech,2010,425,8,"156,452,370",/title/tt1504320/,118 min," Biography, Drama, History            "
425, Lawrence of Arabia,1962,426,8.3,616310,/title/tt0056172/,218 min," Adventure, Biography, Drama            "
426, In the Mood for Love,2000,427,8,"124,987,023",/title/tt0118694/,98 min," Drama, Romance            "
427, The Sting,1973,428,8.3,95254,/title/tt0070735/,129 min," Comedy, Crime, Drama            "
428, Raging Bull,1980,429,8.2,307603,/title/tt0081398/,129 min," Biography, Drama, Sport            "
429, Wreck-It Ralph,2012,430,7.7,"22,455,976",/title/tt1772341/,101 min," Animation, Adventure, Comedy            "
430, Carlito's Way,1993,431,7.9,261900,/title/tt0106519/,144 min," Crime, Drama, Thriller            "
431, Rise of the Planet of the Apes,2011,432,7.6,"25,000,000",/title/tt1318514/,105 min," Action, Drama, Sci-Fi            "
432, Cabaret,1972,433,7.7,130,/title/tt0068327/,124 min," Drama, Music, Musical            "
433, The Boondock Saints,1999,434,7.7,93719,/title/tt0144117/,108 min," Action, Thriller            "
434, Life of Brian,1979,435,8,"4,905,000",/title/tt0079470/,94 min, Comedy            
435, I Saw the Devil,2010,436,7.8,613767,/title/tt1588170/,144 min," Action, Crime, Drama            "
436, Naked,1993,437,7.7,"70,906,973",/title/tt0107653/,131 min," Comedy, Drama            "
437, The Birds,1963,438,7.7,222,/title/tt0056869/,119 min," Drama, Horror, Mystery            "
438, Butch Cassidy and the Sundance Kid,1969,439,8,393979,/title/tt0064115/,110 min," Biography, Crime, Drama            "
439, Hachi: A Dog's Tale,2009,440,8.1,"3,200,000",/title/tt1028532/,93 min," Biography, Drama, Family            "
440, Dogville,2003,441,8,99,/title/tt0276919/,178 min," Crime, Drama            "
441, Being John Malkovich,1999,442,7.8,760922,/title/tt0120601/,113 min," Comedy, Drama, Fantasy            "
442, Midnight Cowboy,1969,443,7.8,"148,095,302",/title/tt0064665/,113 min, Drama            
443, The Invisible Guest,2016,444,8,168,/title/tt4857264/,106 min," Crime, Drama, Mystery            "
444, Dark City,1998,445,7.6,252206,/title/tt0118929/,100 min," Fantasy, Mystery, Sci-Fi            "
445, Demon Slayer the Movie: Mugen Train,2020,446,8.2,"50,000,000",/title/tt11032374/,117 min," Animation, Action, Adventure            "
446, Road to Perdition,2002,447,7.7,247306,/title/tt0257044/,117 min," Crime, Drama, Thriller            "
447, A Bronx Tale,1993,448,7.8,"119,519,402",/title/tt0106489/,121 min," Crime, Drama            "
448, Baahubali: The Beginning,2015,449,8,279243,/title/tt2631186/,159 min," Action, Drama            "
449, Toy Story 2,1999,450,7.9,"120,620,254",/title/tt0120363/,92 min," Animation, Adventure, Comedy            "
450,1 Akira,1988,451,8,180867,/title/tt0094625/,124 min," Animation, Action, Drama            "
451,2 JFK,1991,452,8,"553,171",/title/tt0102138/,189 min," Drama, History, Thriller            "
452,3 Lethal Weapon,1987,453,7.6,153312,/title/tt0093409/,109 min," Action, Crime, Thriller            "
453,4 Gandhi,1982,454,8.1,"70,405,498",/title/tt0083987/,191 min," Biography, Drama            "
454,5 First Blood,1982,455,7.7,253862,/title/tt0083944/,93 min," Action, Adventure, Thriller            "
455,6 The Great Escape,1963,456,8.2,"65,207,127",/title/tt0057115/,172 min," Adventure, Drama, History            "
456,7 When Harry Met Sally,1989,457,7.7,227764,/title/tt0098635/,95 min," Comedy, Drama, Romance            "
457,8 Spartacus,1960,458,7.9,"52,767,889",/title/tt0054331/,197 min," Adventure, Biography, Drama            "
458,9 The Girl with the Dragon Tattoo,2009,459,7.8,245,/title/tt1132620/,152 min," Crime, Drama, Mystery            "
459,0 The Royal Tenenbaums,2001,460,7.6,245764,/title/tt0265666/,110 min," Comedy, Drama            "
460, How to Train Your Dragon 2,2014,461,7.8,"47,212,904",/title/tt1646971/,102 min," Animation, Action, Adventure            "
461, The Road Warrior,1981,462,7.6,240485,/title/tt0082694/,96 min," Action, Adventure, Sci-Fi            "
462, My Neighbor Totoro,1988,463,8.1,"12,100,000",/title/tt0096283/,86 min," Animation, Comedy, Family            "
463, Match Point,2005,464,7.6,148,/title/tt0416320/,124 min," Drama, Romance, Thriller            "
464, This Is Spinal Tap,1984,465,7.9,212904,/title/tt0088258/,82 min," Comedy, Music            "
465, Boyz n the Hood,1991,466,7.8,"92,823,600",/title/tt0101507/,112 min," Crime, Drama            "
466, North by Northwest,1959,467,8.3,133097,/title/tt0053125/,136 min," Adventure, Mystery, Thriller            "
467, Jai Bhim,2021,468,8.9,"30,000,000",/title/tt15097216/,164 min," Crime, Drama, Mystery            "
468, The Raid: Redemption,2011,469,7.6,215573,/title/tt1899353/,101 min," Action, Crime, Thriller            "
469, Close Encounters of the Third Kind,1977,470,7.6,"10,095,170",/title/tt0075860/,138 min," Drama, Sci-Fi            "
470, The Secret in Their Eyes,2009,471,8.2,287279,/title/tt1305806/,129 min," Drama, Mystery, Romance            "
471, Eastern Promises,2007,472,7.6,"52,364,010",/title/tt0765443/,100 min," Crime, Drama, Thriller            "
472, Breakfast at Tiffany's,1961,473,7.6,327183,/title/tt0054698/,115 min," Comedy, Drama, Romance            "
473, Kung Fu Hustle,2004,474,7.7,"177,002,924",/title/tt0373074/,99 min," Action, Comedy, Fantasy            "
474, The Boat,1981,475,8.4,177355,/title/tt0082096/,149 min," Drama, War            "
475, Empire of the Sun,1987,476,7.7,"12,465,371",/title/tt0092965/,153 min," Drama, History, War            "
476, Stalker,1979,477,8.1,326820,/title/tt0079944/,162 min," Drama, Sci-Fi            "
477, Creed (II),2015,478,7.6,"1,105,564",/title/tt3076658/,133 min," Action, Drama, Sport            "
478, The Outlaw Josey Wales,1976,479,7.8,171,/title/tt0075029/,135 min, Western            
479, The Skin I Live In,2011,480,7.6,215838,/title/tt1189073/,120 min," Drama, Horror, Thriller            "
480, The Elephant Man,1980,481,8.2,"23,089,926",/title/tt0080678/,124 min," Biography, Drama            "
481, Paper Moon,1973,482,8.1,137846,/title/tt0070510/,102 min," Comedy, Crime, Drama            "
482, Glengarry Glen Ross,1992,483,7.7,"4,736,202",/title/tt0104348/,100 min," Crime, Drama, Mystery            "
483, Serpico,1973,484,7.7,137790,/title/tt0070666/,130 min," Biography, Crime, Drama            "
484, Rushmore,1998,485,7.6,"57,504,069",/title/tt0128445/,93 min," Comedy, Drama, Romance            "
485, Barry Lyndon,1975,486,8.1,321233,/title/tt0072684/,185 min," Adventure, Drama, War            "
486, Bonnie and Clyde,1967,487,7.7,"13,275,000",/title/tt0061418/,111 min," Action, Biography, Crime            "
487, Captain Phillips,2013,488,7.8,98,/title/tt1535109/,134 min," Action, Biography, Crime            "
488, Evil Dead II,1987,489,7.7,187796,/title/tt0092991/,84 min," Comedy, Horror            "
489, October Sky,1999,490,7.8,201712,/title/tt0132477/,108 min," Biography, Drama, Family            "
490, La Haine,1995,491,8.1,"4,105,123",/title/tt0113247/,98 min," Crime, Drama            "
491, M,1931,492,8.3,197981,/title/tt0022100/,99 min," Crime, Mystery, Thriller            "
492, End of Watch,2012,493,7.6,"132,088,635",/title/tt1855199/,109 min," Action, Adventure, Crime            "
493, Let the Right One In,2008,494,7.9,206209,/title/tt1139797/,114 min," Drama, Fantasy, Horror            "
494, In the Name of the Father,1993,495,8.1,"6,391,436",/title/tt0107207/,133 min," Biography, Crime, Drama            "
495, Fried Green Tomatoes,1991,496,7.7,163,/title/tt0101921/,130 min, Drama            
496, Die Hard with a Vengeance,1995,497,7.6,239760,/title/tt0112864/,128 min," Action, Adventure, Thriller            "
497, A Silent Voice: The Movie,2016,498,8.1,"17,114,882",/title/tt5323662/,130 min," Animation, Drama            "
498, Traffic,2000,499,7.6,177129,/title/tt0181865/,147 min," Crime, Drama, Thriller            "
499, Sling Blade,1996,500,8,136738,/title/tt0117666/,135 min, Drama            
500,1 Brazil,1985,501,7.9,198465,/title/tt0088846/,132 min," Drama, Sci-Fi            "
501,2 Do the Right Thing,1989,502,7.9,"9,929,135",/title/tt0097216/,120 min," Comedy, Drama            "
502,3 Snow White and the Seven Dwarfs,1937,503,7.6,99968,/title/tt0029583/,83 min," Animation, Adventure, Family            "
503,4 Awakenings,1990,504,7.8,"27,545,445",/title/tt0099077/,121 min," Biography, Drama            "
504,5 Night of the Living Dead,1968,505,7.8,195168,/title/tt0063350/,96 min," Horror, Thriller            "
505,6 Ordinary People,1980,506,7.7,"184,925,485",/title/tt0081283/,124 min, Drama            
506,7 Where Eagles Dare,1968,507,7.6,137571,/title/tt0065207/,158 min," Action, Adventure, War            "
507,8 Bridge of Spies,2015,508,7.6,"52,096,475",/title/tt3682448/,142 min," Drama, History, Thriller            "
508,9 Before Sunset,2004,509,8.1,125759,/title/tt0381681/,80 min," Drama, Romance            "
509,0 Before Midnight,2013,510,7.9,"89,029",/title/tt2209418/,109 min," Drama, Romance            "
510, Philadelphia,1993,511,7.7,51386,/title/tt0107818/,125 min, Drama            
511, The Bourne Ultimatum,2007,512,8,"54,800,000",/title/tt0440963/,115 min," Action, Mystery, Thriller            "
512," Paris, Texas",1984,513,8,57441,/title/tt0087884/,145 min, Drama            
513, The Man from Earth,2007,514,7.9,306262,/title/tt0756683/,87 min," Drama, Fantasy, Mystery            "
514, The Bridge on the River Kwai,1957,515,8.2,"72,313,754",/title/tt0050212/,161 min," Adventure, Drama, War            "
515, Perfect Blue,1997,516,8,256790,/title/tt0156887/,81 min," Animation, Crime, Drama            "
516, Sunset Blvd,1950,517,8.4,"5,820,649",/title/tt0043014/,110 min," Drama, Film-Noir            "
517, 127 Hours,2010,518,7.6,225,/title/tt1542344/,94 min," Biography, Drama            "
518, Isle of Dogs,2018,519,7.8,153964,/title/tt5104604/,101 min," Animation, Adventure, Comedy            "
519, The Nightmare Before Christmas,1993,520,7.9,"8,114,627",/title/tt0107688/,76 min," Animation, Family, Fantasy            "
520, Roma,2018,521,7.7,237976,/title/tt6155172/,135 min, Drama            
521, Changeling,2008,522,7.8,"77,324,422",/title/tt0824747/,141 min," Biography, Crime, Drama            "
522, Chungking Express,1994,523,8,627038,/title/tt0109424/,102 min," Comedy, Crime, Drama            "
523, The Color Purple,1985,524,7.7,"227,471,070",/title/tt0088939/,154 min, Drama            
524, Glory,1989,525,7.8,103544,/title/tt0097441/,122 min," Biography, Drama, History            "
525, Dancer in the Dark,2000,526,7.9,"2,181,987",/title/tt0168629/,140 min," Crime, Drama, Musical            "
526, The Jungle Book,1967,527,7.6,184857,/title/tt0061852/,78 min," Animation, Adventure, Comedy            "
527, Dawn of the Dead,1978,528,7.8,216923,/title/tt0077402/,127 min," Horror, Thriller            "
528," Blood In, Blood Out",1993,529,7.9,"44,908,000",/title/tt0106469/,180 min," Crime, Drama            "
529, Network,1976,530,8.1,164,/title/tt0074958/,121 min, Drama            
530, Fiddler on the Roof,1971,531,8,71711,/title/tt0067093/,181 min," Drama, Family, Musical            "
531, The Insider,1999,532,7.8,"776,665",/title/tt0140352/,157 min," Biography, Drama, Thriller            "
532, Billy Elliot,2000,533,7.7,217375,/title/tt0249462/,110 min," Drama, Music            "
533, Dirty Harry,1971,534,7.7,60,/title/tt0066999/,102 min," Action, Crime, Thriller            "
534, The Iron Giant,1999,535,8,370779,/title/tt0129167/,86 min," Animation, Action, Adventure            "
535, The French Connection,1971,536,7.7,"18,335,230",/title/tt0067116/,104 min," Action, Crime, Drama            "
536, The Wrestler,2008,537,7.9,163019,/title/tt1125849/,109 min," Drama, Sport            "
537, The Apartment,1960,538,8.3,"32,015,231",/title/tt0053604/,125 min," Comedy, Drama, Romance            "
538, Happiness,1998,539,7.7,326284,/title/tt0147612/,134 min," Comedy, Drama            "
539, All the President's Men,1976,540,7.9,"75,082,668",/title/tt0074119/,138 min," Drama, History, Thriller            "
540, Star Trek II: The Wrath of Khan,1982,541,7.7,154515,/title/tt0084726/,113 min," Action, Adventure, Sci-Fi            "
541, My Fair Lady,1964,542,7.8,252381,/title/tt0058385/,170 min," Drama, Family, Musical            "
542, A Streetcar Named Desire,1951,543,7.9,"35,739,802",/title/tt0044081/,122 min, Drama            
543, The Bourne Supremacy,2004,544,7.7,77297,/title/tt0372183/,108 min," Action, Mystery, Thriller            "
544, Wild Tales,2014,545,8.1,"600,200",/title/tt3011894/,122 min," Comedy, Drama, Thriller            "
545, The Naked Gun: From the Files of Police Squad!,1988,546,7.6,85285,/title/tt0095705/,85 min," Comedy, Crime            "
546, Mississippi Burning,1988,547,7.8,"98,467,863",/title/tt0095647/,128 min," Crime, Drama, History            "
547, In the Heat of the Night,1967,548,7.9,133155,/title/tt0061811/,110 min," Drama, Mystery, Thriller            "
548, The Name of the Rose,1986,549,7.7,"26,830,000",/title/tt0091605/,130 min," Drama, History, Mystery            "
549, My Left Foot,1989,550,7.9,108494,/title/tt0097937/,103 min," Biography, Drama            "
550,1 The Searchers,1956,551,7.9,87880,/title/tt0049730/,119 min," Adventure, Drama, Western            "
551,2 Doctor Zhivago,1965,552,7.9,75637,/title/tt0059113/,197 min," Drama, Romance, War            "
552,3 A Fistful of Dollars,1964,553,7.9,"111,722,000",/title/tt0058461/,99 min," Action, Drama, Western            "
553,4 Battle Royale,2000,554,7.6,213076,/title/tt0266308/,114 min," Action, Adventure, Drama            "
554,5 The Fall,2006,555,7.8,"14,500,000",/title/tt0460791/,117 min," Adventure, Drama, Fantasy            "
555,6 The Day the Earth Stood Still,1951,556,7.8,180502,/title/tt0043456/,92 min," Drama, Sci-Fi            "
556,7 Flipped (I),2010,557,7.7,111419,/title/tt0817177/,90 min," Comedy, Drama, Romance            "
557,8 I Am Sam,2001,558,7.6,"2,280,348",/title/tt0277027/,132 min, Drama            
558,9 On the Waterfront,1954,559,8.1,81042,/title/tt0047296/,108 min," Crime, Drama, Thriller            "
559,0 A Separation,2011,560,8.3,88819,/title/tt1832382/,123 min, Drama            
560, The Remains of the Day,1993,561,7.8,"1,752,214",/title/tt0107943/,134 min," Drama, Romance            "
561, Paths of Glory,1957,562,8.4,149090,/title/tt0050825/,88 min," Drama, War            "
562, The Great Beauty,2013,563,7.7,"40,311,852",/title/tt2358891/,141 min, Drama            
563, Mr Smith Goes to Washington,1939,564,8.1,152567,/title/tt0031679/,129 min," Comedy, Drama            "
564, The Seventh Seal,1957,565,8.1,"9,600,000",/title/tt0050976/,96 min," Drama, Fantasy            "
565, The Conversation,1974,566,7.8,176,/title/tt0071360/,113 min," Drama, Mystery, Thriller            "
566, Cool Hand Luke,1967,567,8.1,241050,/title/tt0061512/,127 min," Crime, Drama            "
567, Ip Man,2008,568,8,"7,098,492",/title/tt1220719/,106 min," Action, Biography, Drama            "
568, The Man Who Shot Liberty Valance,1962,569,8.1,118,/title/tt0056217/,123 min," Drama, Western            "
569, Hara-Kiri,1962,570,8.6,72989,/title/tt0056058/,133 min," Action, Drama, Mystery            "
570, Hotel Rwanda,2004,571,8.1,"22,954,968",/title/tt0395169/,121 min," Biography, Drama, History            "
571, 21 Grams,2003,572,7.7,193101,/title/tt0315733/,124 min," Crime, Drama, Thriller            "
572, The Best Offer,2013,573,7.8,61,/title/tt1924396/,131 min," Crime, Drama, Mystery            "
573, Ponyo,2008,574,7.6,89142,/title/tt0876563/,101 min," Animation, Adventure, Comedy            "
574, Solaris,1972,575,8,"2,852,400",/title/tt0069293/,167 min," Drama, Mystery, Sci-Fi            "
575, The Dirty Dozen,1967,576,7.7,114209,/title/tt0061578/,150 min," Action, Adventure, War            "
576, 8½,1963,577,8,"9,600,000",/title/tt0056801/,138 min, Drama            
577, For a Few Dollars More,1965,578,8.2,189,/title/tt0059578/,132 min, Western            
578, Annie Hall,1977,579,8,181584,/title/tt0075686/,93 min," Comedy, Romance            "
579, This Is England,2006,580,7.7,196,/title/tt0480025/,101 min," Crime, Drama            "
580, Rio Bravo,1959,581,8,109630,/title/tt0053221/,141 min, Western            
581, The Last Emperor,1987,582,7.7,"4,420,000",/title/tt0093389/,163 min," Biography, Drama, History            "
582, After Hours (I),1985,583,7.6,174364,/title/tt0088680/,97 min," Comedy, Crime, Drama            "
583, Enter the Dragon,1973,584,7.6,"16,217,773",/title/tt0070034/,102 min," Action, Crime, Drama            "
584, What Ever Happened to Baby Jane?,1962,585,8,233,/title/tt0056687/,134 min," Drama, Horror, Thriller            "
585, Kiki's Delivery Service,1989,586,7.8,221239,/title/tt0097814/,103 min," Animation, Family, Fantasy            "
586, Kramer vs Kramer,1979,587,7.8,74851,/title/tt0079417/,105 min, Drama            
587, Togo,2019,588,7.9,53694,/title/tt5116302/,113 min," Adventure, Biography, Drama            "
588, Ghost in the Shell,1995,589,7.9,46,/title/tt0113568/,83 min," Animation, Action, Crime            "
589, Searching (III),2018,590,7.6,350767,/title/tt7668870/,102 min," Drama, Mystery, Thriller            "
590, Papillon,1973,591,8,"23,530,892",/title/tt0070511/,151 min," Biography, Crime, Drama            "
591, Lucky Number Slevin,2006,592,7.7,208,/title/tt0425210/,110 min," Crime, Drama, Thriller            "
592, The Right Stuff,1983,593,7.8,234413,/title/tt0086197/,193 min," Adventure, Biography, Drama            "
593, Sing Street,2016,594,7.9,"16,290,476",/title/tt3544112/,106 min," Comedy, Drama, Music            "
594, Barton Fink,1991,595,7.6,117039,/title/tt0101410/,116 min," Comedy, Drama, Thriller            "
595, Hamlet,1996,596,7.8,"85,433",/title/tt0116477/,242 min, Drama            
596, Double Indemnity,1944,597,8.3,139486,/title/tt0036775/,107 min," Crime, Drama, Film-Noir            "
597, The Maltese Falcon,1941,598,8,"15,090,400",/title/tt0033870/,100 min," Crime, Film-Noir, Mystery            "
598, Freaks,1932,599,7.9,89581,/title/tt0022913/,64 min," Drama, Horror            "
599, The Raid 2,2014,600,7.9,71919,/title/tt2265171/,150 min," Action, Crime, Thriller            "
600,1 The Bridges of Madison County,1995,601,7.6,79900,/title/tt0112579/,135 min," Drama, Romance            "
601,2 King Kong,1933,602,7.9,"71,516,617",/title/tt0024216/,100 min," Adventure, Horror, Sci-Fi            "
602,3 Gaslight,1944,603,7.8,84413,/title/tt0036855/,114 min," Crime, Drama, Mystery            "
603,4 The Longest Day,1962,604,7.7,"10,000,000",/title/tt0056197/,178 min," Action, Drama, History            "
604,5 Clerks,1994,605,7.7,28221,/title/tt0109445/,92 min, Comedy            
605,6 Rebecca,1940,606,8.1,55174,/title/tt0032976/,130 min," Drama, Film-Noir, Mystery            "
606,7 Mysterious Skin,2004,607,7.6,"39,100,000",/title/tt0370986/,105 min, Drama            
607,8 Cape Fear,1962,608,7.7,219676,/title/tt0055824/,106 min," Drama, Thriller            "
608,9 PK,2014,609,8.1,"3,151,130",/title/tt2338151/,153 min," Comedy, Drama, Sci-Fi            "
609,0 Cinderella Man,2005,610,8,134941,/title/tt0352248/,144 min," Biography, Drama, History            "
610, The Artist (I),2011,611,7.9,"4,360,000",/title/tt1655442/,100 min," Comedy, Drama, Romance            "
611, Witness for the Prosecution,1957,612,8.4,230,/title/tt0051201/,116 min," Crime, Drama, Mystery            "
612, Miller's Crossing,1990,613,7.7,69023,/title/tt0100150/,115 min," Crime, Drama, Thriller            "
613, Persona,1966,614,8.1,"697,181",/title/tt0060827/,83 min," Drama, Thriller            "
614, High Noon,1952,615,8,28824,/title/tt0044706/,85 min," Drama, Thriller, Western            "
615, Charade,1963,616,7.9,179395,/title/tt0056923/,113 min," Comedy, Mystery, Romance            "
616, Harold and Maude,1971,617,7.9,"10,616,104",/title/tt0067185/,91 min," Comedy, Drama, Romance            "
617, The King of Comedy,1982,618,7.8,185246,/title/tt0085794/,109 min," Comedy, Crime, Drama            "
618, All That Jazz,1979,619,7.8,"61,649,911",/title/tt0078754/,123 min," Drama, Music, Musical            "
619, Amores perros,2000,620,8.1,239619,/title/tt0245712/,154 min," Drama, Thriller            "
620, Malcolm X,1992,621,7.7,"44,671,682",/title/tt0104797/,202 min," Biography, Drama, History            "
621, Hero,2002,622,7.9,121887,/title/tt0299977/,120 min," Action, Adventure, Drama            "
622, Ran,1985,623,8.2,"8,175,000",/title/tt0089881/,162 min," Action, Drama, War            "
623, Seven Pounds,2008,624,7.6,64,/title/tt0814314/,123 min, Drama            
624, A Man Called Ove,2015,625,7.7,133815,/title/tt4080728/,116 min," Comedy, Drama, Romance            "
625, The Last King of Scotland,2006,626,7.7,"5,080,409",/title/tt0455590/,123 min," Biography, Drama, History            "
626, Dangal,2016,627,8.3,115406,/title/tt5074352/,161 min," Action, Biography, Drama            "
627, Tumbbad,2018,628,8.2,238,/title/tt8239946/,104 min," Drama, Fantasy, Horror            "
628, The Wind Rises,2013,629,7.7,103048,/title/tt2013293/,126 min," Animation, Biography, Drama            "
629, Klaus,2019,630,8.1,"9,450,000",/title/tt4729430/,96 min," Animation, Adventure, Comedy            "
630, Roman Holiday,1953,631,8,75776,/title/tt0046250/,118 min," Comedy, Romance            "
631, Mother,2009,632,7.8,"13,474,588",/title/tt1216496/,129 min," Crime, Drama, Mystery            "
632, Paprika,2006,633,7.7,76552,/title/tt0851578/,90 min," Animation, Drama, Fantasy            "
633, Belle de Jour,1967,634,7.7,100561,/title/tt0061395/,100 min," Drama, Romance            "
634, Neon Genesis Evangelion: The End of Evangelion,1997,635,8,"2,500,000",/title/tt0169858/,87 min," Animation, Action, Drama            "
635, Once (I),2007,636,7.8,31272,/title/tt0907657/,86 min," Drama, Music, Romance            "
636, Castle in the Sky,1986,637,8,"37,823,676",/title/tt0092067/,125 min," Animation, Adventure, Family            "
637, Ray (I),2004,638,7.7,237030,/title/tt0350258/,152 min," Biography, Drama, Music            "
638, Like Stars on Earth,2007,639,8.3,"5,383,834",/title/tt0986264/,165 min," Drama, Family            "
639, The Third Man,1949,640,8.1,234,/title/tt0041959/,93 min," Film-Noir, Mystery, Thriller            "
640, The Wild Bunch,1969,641,7.9,93176,/title/tt0065214/,135 min," Action, Adventure, Western            "
641, La Dolce Vita,1960,642,8,"48,169,908",/title/tt0053779/,174 min," Comedy, Drama            "
642, Invasion of the Body Snatchers,1956,643,7.7,179996,/title/tt0049366/,80 min," Drama, Horror, Sci-Fi            "
643, Black Book,2006,644,7.7,"53,710,019",/title/tt0389557/,145 min," Drama, Thriller, War            "
644, Batman: Mask of the Phantasm,1993,645,7.8,123161,/title/tt0106364/,76 min," Animation, Action, Adventure            "
645, Pink Floyd: The Wall,1982,646,8,"4,135,750",/title/tt0084503/,95 min," Drama, Fantasy, Music            "
646, Mommy (I),2004,647,8,139,/title/tt3612616/,139 min, Drama            
647, Open Your Eyes,1997,648,7.7,299631,/title/tt0125659/,119 min," Drama, Mystery, Sci-Fi            "
648, Who's Afraid of Virginia Woolf?,1966,649,8,"69,951,824",/title/tt0061184/,131 min, Drama            
649, Rebel Without a Cause,1955,650,7.7,53570,/title/tt0048545/,111 min, Drama            
650,1 Nausicaä of the Valley of the Wind,1984,651,8,166020,/title/tt0087544/,117 min," Animation, Adventure, Sci-Fi            "
651,2 Being There,1979,652,8,"495,770",/title/tt0078841/,130 min," Comedy, Drama            "
652,3 The Great Dictator,1940,653,8.4,71595,/title/tt0032553/,125 min," Comedy, Drama, War            "
653,4 The World's Fastest Indian,2005,654,7.8,"30,177,511",/title/tt0412080/,127 min," Biography, Drama, Sport            "
654,5 The Message,1976,655,8.1,219868,/title/tt0074896/,177 min," Biography, Drama, History            "
655,6 Shoplifters,2018,656,7.9,"288,475",/title/tt8075192/,121 min," Crime, Drama            "
656,7 Short Term 12,2013,657,7.9,63,/title/tt2370248/,96 min, Drama            
657,9,2011,658,7.6,54480,/title/tt1306980/,100 min," Comedy, Drama, Romance            "
658,9 Detachment,2011,659,7.7,"5,128,124",/title/tt1683526/,98 min, Drama            
659,0 The Hustler,1961,660,8,46978,/title/tt0054997/,134 min," Drama, Sport            "
660, The Cabinet of Dr Caligari,1920,661,8,73627,/title/tt0010323/,67 min," Horror, Mystery, Thriller            "
661, Dial M for Murder,1954,662,8.2,"3,313,513",/title/tt0046912/,105 min," Crime, Thriller            "
662, The Asphalt Jungle,1950,663,7.8,86934,/title/tt0042208/,112 min," Crime, Drama, Film-Noir            "
663, Me and Earl and the Dying Girl,2015,664,7.7,"1,010,414",/title/tt2582496/,105 min," Comedy, Drama            "
664, Wolfwalkers,2020,665,8,327139,/title/tt5198068/,103 min," Animation, Adventure, Family            "
665, The Quiet Man,1952,666,7.7,"35,014,192",/title/tt0045061/,129 min," Comedy, Drama, Romance            "
666, Stagecoach,1939,667,7.8,83743,/title/tt0031971/,96 min," Adventure, Drama, Western            "
667, Anatomy of a Murder,1959,668,8,"71,177",/title/tt0052561/,161 min," Drama, Mystery            "
668, The Legend of 1900,1998,669,8,81005,/title/tt0120731/,169 min," Drama, Music, Romance            "
669, Bicycle Thieves,1948,670,8.3,"8,284,000",/title/tt0040522/,89 min, Drama            
670, Badlands,1973,671,7.7,62498,/title/tt0069762/,94 min," Action, Crime, Drama            "
671, The Best Years of Our Lives,1946,672,8.1,172209,/title/tt0036868/,170 min," Drama, Romance, War            "
672, The Treasure of the Sierra Madre,1948,673,8.2,"12,562",/title/tt0040897/,126 min," Adventure, Drama, Western            "
673, Days of Heaven,1978,674,7.8,162,/title/tt0077405/,94 min," Drama, Romance            "
674, Z,1969,675,8.2,26554,/title/tt0065234/,127 min," Crime, Drama, Thriller            "
675, Dragon Ball Super: Broly,2018,676,7.8,130007,/title/tt7961060/,100 min," Animation, Action, Adventure            "
676, Three Colors: Blue,1993,677,7.9,"6,743,776",/title/tt0108394/,94 min," Drama, Music, Mystery            "
677, The Grapes of Wrath,1940,678,8.1,30300,/title/tt0032551/,129 min, Drama            
678, Patton,1970,679,7.9,38221,/title/tt0066206/,172 min," Biography, Drama, War            "
679, Nebraska,2013,680,7.7,"10,550,000",/title/tt1821549/,115 min," Adventure, Comedy, Drama            "
680, Run Lola Run,1998,681,7.7,48148,/title/tt0130827/,80 min," Crime, Drama, Thriller            "
681, Wings of Desire,1987,682,8,65399,/title/tt0093191/,128 min," Drama, Fantasy, Romance            "
682, Rope,1948,683,7.9,"11,900,000",/title/tt0040746/,80 min," Crime, Drama, Mystery            "
683, Rashomon,1950,684,8.2,63326,/title/tt0042876/,88 min," Crime, Drama, Mystery            "
684, The Day of the Jackal,1973,685,7.8,"259,127",/title/tt0069947/,143 min," Crime, Drama, Thriller            "
685, The Chaser,2008,686,7.8,160557,/title/tt1190539/,125 min," Action, Crime, Drama            "
686, The Killing Fields,1984,687,7.8,"332,930",/title/tt0087553/,141 min," Biography, Drama, History            "
687, Judgment at Nuremberg,1961,688,8.3,122,/title/tt0055031/,179 min," Drama, War            "
688, Whisper of the Heart,1995,689,7.9,71929,/title/tt0113824/,111 min," Animation, Drama, Family            "
689, Waking Life,2001,690,7.7,63026,/title/tt0243017/,99 min," Animation, Drama, Fantasy            "
690, Secrets & Lies,1996,691,8,"23,650,000",/title/tt0117589/,136 min," Comedy, Drama            "
691," South Park: Bigger, Longer & Uncut",1999,692,7.7,226,/title/tt0158983/,81 min," Animation, Comedy, Fantasy            "
692, Guess Who's Coming to Dinner,1967,693,7.8,122957,/title/tt0061735/,108 min," Comedy, Drama            "
693, Breaking the Waves,1996,694,7.8,"5,014,000",/title/tt0115751/,159 min, Drama            
694, Sabrina,1954,695,7.6,146,/title/tt0047437/,113 min," Comedy, Drama, Romance            "
695, Letters from Iwo Jima,2006,696,7.9,57344,/title/tt0498380/,141 min," Action, Adventure, Drama            "
696, Frankenstein,1931,697,7.8,28153,/title/tt0021884/,70 min," Drama, Horror, Sci-Fi            "
697, Beasts of No Nation,2015,698,7.7,"83,305",/title/tt1365050/,137 min," Drama, War            "
698, The Thin Man,1934,699,7.9,26197,/title/tt0025878/,91 min," Comedy, Mystery            "
699, Fantasia,1940,700,7.7,"30,712,119",/title/tt0032455/,125 min," Animation, Family, Fantasy            "
