,Name,Type,Duration,Year,Director,Actor,Language,Reviews,Rank,Country,Century
0, Sin City,Action / Crime / Thriller,124,2005,Frank Miller / Robert Rodriguez / Quentin Tarantino,Jessica Alba / Bruce Willis / Clive Owen,English,186177,8.4,USA,21.00
1, Pickpocket,Drama / Crime,75,1959,Robert Bresson,Martin LaSalle / Malika Green / Jean Pélégri,French,17002,8.3,France,20.50
2, John Q,Drama / Crime / Thriller,116,2002,Nick Cassavetes,Denzel Washington / Robert Duvall / Anne Heche,English,51798,8.3,USA,21.00
3, Misery,Drama / Crime / Thriller,107,1990,Rob Reiner,James Caan / Kathy Bates / Richard Farnsworth,English,65156,8.4,USA,20.90
4, Breakfast on Pluto,Comedy / Drama,128,2005,Neil Jordan,Cillian Murphy / Morgan Jones / Eva Persisto,English,12481,8.3,Ireland/UK,21.00
5,Sister Peach,Drama / Family,118,2011,Xu Anhua,Ye Dexian / Andy Lau / Qin Hailu,English,293737,8.3,Hong Kong,21.10
6, A Very British Sex Scandal,Drama / Gay,85,2007,Patrick Reams,Nicholas Le Prevost / Harriet Eastcott / Sam Heughan,English,2662,8.5,UK,21.00
7, Deux frères,Drama / Adventure,109,2004,Jean-Jacques Arnault,Guy Pearce / Jean-Claude Dreyfus / Freddie Highmore,English,25806,8.6,France/UK,21.00
8, Dans la maison,Drama / Suspense,105,2012,Francois Ozon,"Fabrice Luchini, Ernst Wumoer, Kristin Scott Thomas",French,142151,8.5,France,21.10
9,Love of Siam,Drama / Romance / Gay,150,2007,Chuuk Sakrico,Wittwest Helen Yavaughn Cool / Mario Maurer / Laila Bonyashu,Thai,287418,8.3,Thailand,21.00
10, L'aile ou la cuisse,Comedy,104,1976,Claude Zidi,Louis de Fines / Crucher / Claude Jeansac,French,8757,8.3,France,20.70
11, The Man Who Wasn't There,Drama / Crime,116,2001,Joel Cohen,"Billy Bob Thornton, Frances McDormand, Michael Badalucco",English,24017,8.3,USA/UK,21.00
12, Heidi,Family / Drama,88,1937,Ellen Dewan,Shirley Temple / Jean Hersholt / Arthur Treacher,English,7004,8.5,USA,20.30
13, Unforgiven,Drama / Western,131,1992,Clint Eastwood,Clint Eastwood / Gene Hackman / Morgan Freeman,English,65306,8.5,USA,20.90
14, The Wrestler,Drama / Biography / Sports,109,2008,Darren Aronofsky,Mickey Rourke / Marisa Tomei / Evan Rachel Wood,English,43021,8.3,USA/France,21.00
15, Changeling,Drama / Mystery / Thriller,141,2008,Clint Eastwood,Angelina Jolie / Gatlin Griffith / Michelle Gunn,English,152512,8.4,USA,21.00
16,xianluxiang,Drama,101,1999,Chen Guo,Yao Yueming / Mai Huifen / Mai Xuewen,Cantonese,14991,8.5,Hong Kong,20.90
17,"Paris, je t'aime",Drama / Comedy / Romance,120,2006,Olivier Assayas/ Ethan Cohen/ Joel Cohen/ Gus Van Sant/ Tom Tykwer/ Walter Sellers/ Alexander Payne/ Du Kefeng/ Gerard · Depardieu / Alfonso Cuaron / Atsushi Suwa / Sylvain Schumer / Wes Craven / Isabelle Cosette / Gullund Chadha / Vincenzo Na Tully,Juliette Binoche / Willem Dafoe / Natalie Portman,English,141682,8.3,France/Liechtenstein/Switzerland/Germany/USA,21.00
18, Source Code,Science Fiction / Mystery / Thriller,93,2011,Duncan Jones,Jake Gyllenhaal / Vera Farmiga / Michelle Monaghan,English,763760,8.5,USA / Canada,21.10
19, Trois couleurs: Blanc,Comedy / Drama / Mystery / Romance,91,1994,Krzysztof Kieslowski,Zebinho Zamazowski / Julie Delpy / Janus Gayos,French,93947,8.4,France/Poland/Switzerland,20.90
20, Blow-Up,Drama / Mystery / Thriller,111,1966,Michelangelo Antonioni,Vanessa Redgrave / Sarah Mills / David Hemmings,English,40867,8.5,UK/Italy/US,20.60
21, Los amantes del Círculo Polar,Drama / Suspense / Romance,112,1998,Julio Mittan,Nava Nimli / Ferre Martinez / Nanjo Novo,Spanish,12682,8.2,Spain/France,20.90
22, Mitt liv som hund,Drama / Comedy,101,1985,Lars Hallstrom,Anton Glazelius / Thomas von Bromsen / Angel Ridden,Swedish,15973,8.5,Sweden,20.80
23, Kamome Shokudo,Comedy / Drama,102,2006,Naoko Ogigami,Satomi Kobayashi / Hairi Katagiri / Masako Motai,Japanese,62163,8.3,Japan,21.00
24, Mr. Holland's Opus,Drama / Music,143,1995,Stephen Herrick,Richard Dreyfuss / Glenne Headley / Jay Thomas,English,5929,8.5,USA,20.90
25, Easy Rider,Drama / Adventure,95,1969,Dennis Hopper,Peter Fonda / Dennis Hopper / Jack Nicholson,English,21374,8.3,USA,20.60
26,blue door,Drama / Romance / Gay,83,2002,Yi Zhiyan,Chen Bolin / Gui Lunmei / Liang Youlin,Mandarin,387189,8.4,Taiwan/France,21.00
27, Obsluhoval jsem anglického krále,Drama / Comedy / Romance / War,120,2006,Iri Menzel,Ivan Borneff / Aldrich Cather / Julia Yinch,Czech,13692,8.3,Czech / Slovakia,21.00
28, The English Patient,Romance / Drama / War,162,1996,Anthony Minghella,Ralph Fiennes / Juliette Binoche / Willem Dafoe,English,257900,8.5,USA/UK,20.90
29,The True Story of A Fei,Crime / Drama / Romance,94,1990,Wong Kar Wai,Leslie Cheung / Maggie Cheung / Carina Lau,Cantonese,457632,8.5,Hong Kong,20.90
30, Taxi Driver,Drama / Crime,113,1976,Martin Scorsese,Robert De Niro / Jodie Foster / Cybill Shepherd,English,184050,8.5,USA,20.70
31, Heat,Drama / Action / Crime / Thriller,170,1995,Michael Mann,Al Pacino / Robert De Niro / Val Kilmer,English,110054,8.5,USA,20.90
32, Snatch,Comedy / Crime,104,2000,Guy Ritchie,Benicio del Toro / Dennis Farina / Vinnie Jones,English,179397,8.5,UK/USA,21.00
33,dark flower,Drama / Action / Crime / Mystery,81,1998,You Dazhi,Liu Qingyun / Tony Leung / Shao Meiqi,Cantonese,91056,8.4,Hong Kong,20.90
34, Death on the Nile,Drama / Crime / Mystery,140,1978,John Guillermin,Peter Ustinov / Jane Birkin / Lois Chilis,English,124025,8.5,UK,20.70
35,like sky kids return,Drama / Crime / Sports,107,1996,Kitano Takeshi,Ken Kaneko / Masanobu Ando / Haruyuki Morimoto,Japanese,93494,8.5,Japan,20.90
36, Die Blechtrommel,Drama / History / War,142,1979,Volker Schlondorff,Mario Adolf / Angela Winkler / David Bennett,German,52189,8.3,West Germany/Poland/France/Yugoslavia,20.70
37,2 Sissi - Die junge Kaiserin,Drama / History / Romance,107,1956,Ernst Marischka,Romy Schneider / Karlheinz Böhm / Magda Schneider,German,37637,8.4,Austria,20.50
38,3 Sissi - Schicksalsjahre einer Kaiserin,Drama / History / Romance,109,1957,Ernst Marischka,Romy Schneider / Karlheinz Böhm / Magda Schneider,German,30844,8.4,Austria,20.50
39, Raging Bull,Drama / Biography / Sports,129,1980,Martin Scorsese,Robert De Niro / Kathy Moratti / Joe Pesci,English,49573,8.4,USA,20.80
40,K K-PAX,Drama / Science Fiction,120,2001,Ian Softtray,Kevin Spacey / Jeff Bridges / Mary McCormack,English,89622,8.5,USA/Germany,21.00
41,Tokyo Sunwa Tokyo Sunwa,Drama,121,1997,Naoto Takenaka,Naoto Takenaka / Miho Nakayama / Nobuyoshi Araki,Japanese,14430,8.3,Japan,20.90
42,Turn around,Comedy,101,2007,Miki Satoshi,Joe Odagiri / Tomokazu Miura / Yuriko Yoshitaka,Japanese,15833,8.4,Japan,21.00
43,Kim's Crusoe,Drama / Romance,116,2009,Li Haijun,Jung Jae Young / Jung Ryeo Won,Korean,60139,8.3,South Korea,21.00
44, Séraphine,Biography / Drama / War,126,2008,Martin Poworth,Yolanda Monroe / Ulrich Tull / Anne Bennant,French,18541,8.5,France/Belgium,21.00
45, Shine,Drama / Biography / Music,105,1996,Scott Hicks,Geoffrey Rush / Justin Braine / Sonia Todd,English,11688,8.4,Australia,20.90
46,road angel,Drama / Comedy,91,1937,Yuan Muzhi,Zhou Xuan / Zhao Dan / Wei Heling,Mandarin,24697,8.6,Mainland China,20.30
47,Moscow does not believe in tears Москва слезам не верит,Comedy / Drama / Romance,148,1980,Vladimir Mensov,Vera Alentova / Alexei Batalov / Irina Muravieva,Russian,19168,8.6,Soviet Union,20.80
48, Night on Earth,Comedy / Drama,129,1991,Jim Jarmusch,Gena Rowlands / Winona Ryder / Lisanne Falk,English,45317,8.2,France/UK/Germany/US/Japan,20.90
49, Interview with the Vampire: The Vampire Chronicles,Drama / Fantasy / Thriller,123,1994,Neil Jordan,Brad Pitt / Tom Cruise / Kirsten Dunst,English,268172,8.3,USA,20.90
50, Apocalypse Now,Drama / War,147,1979,Francis Ford Coppola,Martin Sheen / Marlon Brando / Robert Duvall,English,96060,8.5,USA,20.70
51, Bathing Beauty,Comedy / Song And Dance,101,1944,George Sidney,Red Skelton / Esther Williams / Basil Rathbone,English,29129,8.5,USA,20.40
52, Diarios de motocicleta,Adventure / Biography / Drama,126,2004,Walter Sellers,"Gael García Bernal, Rodrigo de la Serna, Mercedes Moran",Chichua,48933,8.5,Argentina/USA/Chile/Peru/Brazil/UK/Germany/France,21.00
53,Mommy loves me again,Drama / Family,87,1988,Chen Zhuhuang,Yang Guimei / Xie Xiaoyu / Li Xiaofei,Mandarin,50660,8.3,China Taiwan,20.80
54, Kramer vs. Kramer,Drama / Family,105,1979,Robert Benton,Dustin Hoffman / Meryl Streep / Jane Alexander,English,63533,8.5,USA,20.70
55,The man from the wind cabinet,Drama,100,1983,Hou Hsiao-hsien,Niu Chengze / Zhang Shi / Tuo Zonghua,Mandarin,39856,8.4,China Taiwan,20.80
56, Anche libero va bene,Drama / Family,108,2006,Jim Rose Stewart,Alessandro Morace / Marta Nobili / Jim Rose Stewart,Italian,7347,8.4,Italy,21.00
57, The Addams Family,Comedy / Family / Fantasy,100,1991,Barry Sonnenfeld,Anjelica Huston / Raul Julia / Christopher Lloyd,English,62513,8.5,USA,20.90
58, Midnight Cowboy,Drama,113,1969,John Schlesinger,Jon Voight / Dustin Hoffman / Sylvia Miles,English,20544,8.3,USA,20.60
59, High Noon,Drama / Western,85,1952,Fred Kinneman,Gary Cooper / Grace Kelly / Thomas Mitchell,English,21487,8.4,USA,20.50
60, The Secret Garden,Drama / Family / Fantasy,101,1993,Agneska Holland,Kate Marbury / Hayden Prowse / Andrew Nou,English,18128,8.5,UK/USA,20.90
61,12 Angry Man: The Great Judgment 12,Drama / Suspense,159,2007,Nikita Mikhalkov,Sergey Markowecki / Nikita Mikhalkov / Sergey Garmash,Russian,33101,8.4,Russia,21.00
62,mother,Drama / Crime / Mystery / Thriller,128,2009,Bong Joon Ho,Kim Hyeja / Won Bin / Jin Goo,Korean,93115,8.3,South Korea,21.00
63,Immediate use,Drama,143,2006,Masayuki Suo,Ryo Kase / Asaka Seto / Koji Yamamoto,Japanese,9646,8.3,Japan,21.00
64, Murder on the Orient Express,Drama / Crime / Mystery,128,1974,Sidney Lumet,Albert Finney / Lauren Bacall / Martin Balsam,English,115345,8.5,UK,20.70
65, The Wild Bunch,Action / Western,144,1969,Sam Peckinpa,William Holden / Ernest Borgnine / Robert Ryan,English,9486,8.3,USA,20.60
66, Double Indemnity,Drama / Crime / Mystery / Thriller / Film Noir,107,1944,Billy Wilder,Fred MacMurray / Barbara Stanwyck / Edward Robinson,English,32631,8.5,USA,20.40
67,M M - Eine Stadt sucht einen Mörder,Drama / Crime / Thriller / Film Noir,117,1931,Fritz Lang,Peter Lowe / Alan Wiedemann / Inge Landett,German,26377,8.3,Germany,20.30
68,It's a roundabout thing.,Drama / Family,140,2008,Hashiguchi Ryosuke,Tae Kimura / Masaya Nakagawa / Mitsuko Baisho,Japanese,12394,8.4,Japan,21.00
69,Golden Slumber,Drama / Suspense,139,2010,Nakamura Yoshihiro,Masato Sakai / Yuko Takeuchi / Hidetaka Yoshioka,Japanese,71911,8.3,Japan,21.10
70, A Single Man,Drama / Gay,101,2009,Tom Ford,Colin Firth / Julianne Moore / Nicholas Hoult,English,101312,8.5,USA,21.00
71, El secreto de sus ojos,Drama / Romance / Crime / Mystery,129,2009,Juan Jose Campanella,Ricardo Darling / Soledad Villamil / Pablo Lago,Spanish,84642,8.2,Argentina/Spain,21.00
72, Moon,Drama / Science Fiction / Mystery,97,2009,Duncan Jones,Sam Rockwell / Kevin Spacey / Dominic McElligott,English,251384,8.5,UK/USA,21.00
73, J'ai tué ma mère,Drama / Biography / Gay / Family,96,2009,Xavier Dolan,Xavier Dolan / Ana Dorval / Francois Arnold,French,58198,8.3,Canada,21.00
74, La double vie de Véronique,Drama / Romance / Fantasy,98,1991,Krzysztof Kieslowski,Irina Jacobs / Halina Gregrashevska / Karina Sherusk,French,72971,8.4,France/Poland/Norway,20.90
75, Angst essen Seele auf,Drama / Romance,94,1974,Rainer Werner Fassbender,Brigitte Meera / El Hedi Ben Salem / Barbara Valentine,German,12852,8.5,West Germany,20.70
76, An Affair to Remember,Comedy / Drama / Romance,115,1957,Leo McCarey,Cary Grant / Deborah Kerr / Richard Dunning,English,9506,8.2,USA,20.50
77, Conte d'automne,Drama / Romance,112,1998,Eric Rohmer,Marie Riviere / Beatrice Romand / Alicia Porter,French,35658,8.5,France,20.90
78, Secondhand Lions,Comedy / Drama / Family,109,2003,Tim McKinless,Michael Caine / Robert Duvall / Haley Joel Osment,English,16072,8.5,USA,21.00
79, American Beauty,Drama / Romance / Family,122,1999,Sam Mendes,Kevin Spacey / Annette Bening / Thora Birch,English,309916,8.5,USA,20.90
80, Face/Off,Action / Sci-Fi / Crime / Thriller,138,1997,John Woo,John Travolta / Nicolas Cage / Joan Allen,English,358075,8.5,USA,20.90
81, Perfume: The Story of a Murderer,Drama / Crime / Fantasy,147,2006,Tom Tykwer,Ben Whishaw / Alan Rickman / Rachel Harwood,English,503846,8.5,Germany/France/Spain/USA/Belgium,21.00
82,Jingwumen Jingwumen,Action / Drama / Romance / Thriller,102,1972,Lowe,Bruce Lee / Miao Kexiu / Tian Jun,Cantonese,37994,8.5,Hong Kong,20.70
83, A River Runs Through It,Drama / Family,123,1992,Robert Redford,Craig Sheffer / Brad Pitt / Tom Skerritt,English,69431,8.5,USA,20.90
84,5 Fast Five,Action / Crime,130,2011,Justin Lin,Vin Diesel / Paul Walker / Jordana Brewster,English,343704,8.5,USA,21.10
85, Le huitième jour,Comedy / Drama,118,1996,Jacques van Dommel,Daniel Auteuil / Pascal Duquenet / Miu Miu,French,7897,8.3,Belgium/France/UK,20.90
86,harmony,Drama,115,2010,Kang Dakui,Kim Yoon-jin / Na Wen-hee / Jung Soo-young,Korean,62277,8.5,South Korea,21.10
87, Blue,Drama / Biography / Same Sex,79,1993,Derek Jarman,John Quentin / Nigel Terry / Derek Jarman,English,7912,8.6,UK / Japan,20.90
88, The Way,Drama / Comedy / Adventure,123,2010,Emilio Estevez,Martin Sheen / Emilio Estevez / Deborah Kara Unger,English,34387,8.4,USA/Spain,21.10
89, Trois couleurs: Bleu,Drama / Romance / Music,98,1993,Krzysztof Kieslowski,"Juliette Binoche, Benute Riguent, Florence Paimel",French,119668,8.5,France/Poland/Switzerland,20.90
90, Incredible Italian adventures in Russia,Comedy / Adventure,104,1974,Elidar Ryazanov / Franco Prosperi,Andrei Mironov / Nineto Davoli / Antonia Santilli,Russian,12551,8.5,Italy/Soviet Union,20.70
91,"Black cat, white cat",Comedy / Music / Romance,129,1998,Emile Kusturica,"Srgjan Todorovic, Branka Katic, Bajram Sevadan",Romani,19144,8.5,Yugoslavia/France/Germany/Austria/Greece,20.90
92, Vier Minuten,Drama / Music,112,2006,Chris Krause,Monica Brebtroy / Hannah Hertzsprom / Rich Mueller,German,8702,8.5,Germany,21.00
93, Le samouraï,Crime / Drama / Mystery / Thriller,105,1967,Jean-Pierre Melville,Alain Delon / François Perrier / Natalie Delon,French,20227,8.4,France/Italy,20.60
94, Jules et Jim,Drama / Romance,105,1962,Francois Truffaut,Jeanne Moreau / Oscar Werner / Henry Sayre,French,42725,8.4,France,20.60
95,66 Buffalo '66,Comedy / Crime / Drama / Romance,110,1998,Vincent Gallo,Vincent Gallo / Christina Ricci / Ben Gorzana,English,46108,8.5,USA / Canada,20.90
96, A Little Princess,Drama / Fantasy,97,1995,Alfonso Cuaron,Liam Cunningham / Liam Cunningham / Eleanor Burrow,English,30606,8.5,USA,20.90
97, Benny & Joon,Comedy / Drama / Romance,98,1993,Jeremiah S. Schechick,Johnny Depp / Mary Stuart Masterson / Aidan Quinn,English,20948,8.5,USA,20.90
98, Todo sobre mi madre,Drama,101,1999,Pedro Almodovar,"Cecilia Rotter, Marisa Paredes, Candela Peña",Spanish,60204,8.6,Spain/France,20.90
99,X American History X,Crime / Drama,119,1998,Tony Kaye,Edward Norton / Edward Furlong / Beverly D'Angelo,English,90309,8.5,USA,20.90
100, My Name Is Khan,Drama / Romance,165,2010,Karen Johar,Shah Rukh Khan / Kajol / Sean Harper,Hindi,57446,8.4,India,21.10
101, Dogville,Drama / Mystery / Thriller,178,2003,Lars von Trier,Nicole Kidman / Harriet Anderson / Lauren Bacall,English,139093,8.4,Denmark/Sweden/Norway/Finland/UK/France/Germany/Netherlands/Italy,21.00
102, Sissi,Comedy / Drama / History / Romance,102,1955,Ernst Marischka,Romy Schneider / Karlheinz Böhm / Magda Schneider,German,101317,8.5,Austria,20.50
103, Mulholland Dr.,Drama / Mystery / Thriller,147,2001,David Lynch,Naomi Watts / Laura Harling / Ann Miller,English,401984,8.4,France/USA,21.00
104, The Artist,Drama / Comedy / Romance,100,2011,Michele Azanavisius,Jean Dujardin / Berenice Bejo / John Goodman,English,92379,8.4,France/Belgium/USA,21.10
105, The Hurricane,Biography / Drama / Sports,146,1999,Norman Jewison,Denzel Washington / Weissler Shannon / Deborah Kara Unger,English,12038,8.5,USA,20.90
106, Les Diaboliques,Drama / Crime / Mystery / Thriller,114,1955,Henri-George Clouzot,"Simon Signeret, Vera Clouzot, Paul Morris",French,15262,8.4,France,20.50
107, The Longest Day,Action / Drama / History / War,178,1962,Ken Anakin / Andrew Matton / Bernhard Wiki / Daryl F. Zanuck,Richard Burton / Sean Connery / Henry Fonda,English,11712,8.5,USA,20.60
108, GoodFellas,Drama / Biography / Crime,146,1990,Martin Scorsese,Robert De Niro / Ray Liotta / Joe Pesci,English,102929,8.5,USA,20.90
109, The Great Escape,Drama / History / Adventure,172,1963,John Sturges,Steve McQueen / James Garner / Richard Attenborough,English,8574,8.3,USA,20.60
110,go to the sea of ​​wrath,Drama,109,1982,Xu Anhua,Lin Zixiang / Miao Qianren / Ma Sichen,Cantonese,18472,8.5,Hong Kong,20.80
111, The Joy Luck Club,Drama / Romance,139,1993,Wang Ying,Zhou Caiqin / Wen Mingna / Yu Feihong,English,45292,8.4,USA,20.90
112, Die Ehe der Maria Braun,Drama,120,1979,Rainer Werner Fassbender,"Hannah Schygula, Klaus Loveich, Ivan Desny",German,6951,8.3,West Germany,20.70
113, The Young and Prodigious T.S. Spivet,Drama / Family / Adventure,105,2013,Jean-Pierre Genet,Kyle Catlett / Helena Bonham Carter / Judy Davis,English,100317,8.5,France/Canada,21.10
114, Escape from Sobibor,Drama / War / Thriller,143,1987,Jack Gold,Alan Arkin / Joanna Pakula / Rutger Hauer,English,3977,8.5,UK/Yugoslavia,20.80
115,405 Murder,Suspense / Thriller,97,1980,Shen Yaoting,Zhong Xinghuo / Xu Min / Yan Xiang,Mandarin,13986,8.4,Mainland China,20.80
116,Highland Battle,Drama / War,133,2011,Zhang Xun,Shin Ha Kyun / Go Soo / Kim Ok Bin,Korean,38666,8.5,South Korea,21.10
117, Into the White,Drama / History / War,104,2012,Peter Nas,Florian Lucas / David Krause / Stig Henrik Hough,English,19248,8.4,Norway/Sweden/France,21.10
118, Lauf Junge lauf,Drama,112,2013,Pepper Dankovatt,Rainer Bock / Janet Hine / Sebastian Hooker,Polish,8708,8.4,Germany,21.10
119, Boyhood,Drama / Family,165,2014,Richard Linklater,Ella Coltrane / Patricia Arquette / Ethan Hawke,English,207587,8.5,USA,21.10
120, La La Land,Drama / Romance / Song And Dance,128,2016,Damien Chazelle,Ryan Gosling / Emma Stone / John Legend,English,785034,8.4,USA,21.10
121, Sedmikrásky,Comedy / Drama,74,1966,Vera Hitilova,Itka Zelkova / Ivana Karbanova / Julius Albert,Czech,7783,8.4,Czechoslovakia,20.60
122,banana heaven,Drama,116,1989,Wang Tong,Niu Chengze / Li Kun / Zeng Qingyu,Mandarin,4636,8.4,China Taiwan,20.80
123, You Don't Know Jack,Drama / Biography,134,2010,Barry Levinson,Al Pacino / Brenda Vaccaro / John Goodman,English,27811,8.5,USA,21.10
124, Joyeux Noël,Drama / History / War / Music,116,2005,Christian Carrion,Diane Kruger / Natalie Desai / Benno Firman,French,6947,8.5,France/Germany/UK/Belgium/Romania/Norway/Japan/USA,21.00
125,if i was real,Drama,99,1981,Wang Tong,Alan Tam / Hu Guanzhen / Cui Fusheng,Mandarin,4268,8.4,China Taiwan,20.80
126, Sans toit ni loi,Drama,105,1985,Agnès Varda,Sandrina Bonaire / Setti Ramdane / Francis Balchère,French,6442,8.3,France,20.80
127, Libre et assoupi,Comedy,93,2014,Benjamin Godger,Baptiste Le Caplan / Charlotte Le Bon / Felix Moarty,French,42813,8.3,France,21.10
128, My Girl,Drama / Comedy / Romance,102,1991,Howard Zieff,Anna Kramsky / Macaulay Culkin / Jamie Lee Curtis,English,6945,8.3,USA,20.90
129, Watchmen,Action / Sci-Fi / Mystery,162,2009,Zach Snyder,Patrick Wilson / Carla Gugino / Billy Crudup,English,184736,8.5,USA,21.00
130,Jose,Drama / Romance,116,2003,Isshin Inudo,Satoshi Tsumabuki / Chizuru Ikewaki / Juri Ueno,Japanese,15681,8.3,Japan,21.00
131, Jeux interdits,Drama / War,86,1952,Rene Clement,Georges Bojoli / Brigitte Fossey / Amedai,French,4805,8.4,France,20.50
132, Barney's Version,Drama,134,2010,Richard J. Lewis,Paul Giamatti / Rosamund Pike / Minnie Driver,English,9841,8.2,Canada/Italy,21.10
133, Chinatown,Crime / Drama / Mystery / Thriller,130,1974,Roman Polanski,Jack Nicholson / Faye Dunaway / John Huston,English,53751,8.4,USA,20.70
134, The Secret Life of Walter Mitty,Drama / Comedy / Adventure,114,2013,Ben Stiller,Ben Stiller / Kristen Wiig / Adam Scott,English,374061,8.5,USA/UK,21.10
135,can't be without you,Drama / Family,93,2009,Dai Liren,Chen Wenbin / Zhao Youxuan / Lin Zhiru,Mandarin,31500,8.3,China Taiwan,21.00
136,can't help it,Drama,95,2001,Fang Gangliang,Pan Yueming / Wu Yujun / Chen Youwang,Mandarin,15812,8.4,Mainland China,21.00
137,Brother I love you,Drama,97,2005,Lim Tae Hyung,Park Ji-bin / Bae Jong-ok / Park Won-sang,Korean,6778,8.3,South Korea,21.00
138,Magic Hour The Magic Hour,Comedy,136,2008,Koki Mitani,Koichi Sato / Satoshi Tsumabuki / Eri Fukatsu,Japanese,41495,8.1,Japan,21.00
139,Kitu Qiu hate,Drama / Family,96,1990,Xu Anhua,Lu Xiaofen / Zhang Manyu / Li Zixiong,English,17326,8.5,Hong Kong / Taiwan,20.90
140,If love has providence,Drama / Romance,133,2003,Guo Zairong,Son Ye Jin / Cho Seung Woo / Jo In Sung,Korean,383400,8.4,South Korea,21.00
141, August Rush,Drama / Music / Romance,114,2007,Kirsten Sheridan,Jonathan Rhys Meyers / Freddie Highmore / Robin Williams,English,150788,8.3,USA,21.00
142, Contact,Drama / Science Fiction / Mystery / Thriller,150,1997,Robert Zemeckis,Gina Malone / David Morse / Jodie Foster,English,98490,8.4,USA,20.90
143,kids are not stupid 2,Comedy / Drama / Family,124,2006,Liang Zhiqiang,Liang Zhiqiang / Xiang Yun / Liang Wenzong,Mandarin,8622,8.3,Singapore,21.00
144, The Remains of the Day,Drama / Romance,134,1993,James Ivory,Anthony Hopkins / Emma Thompson / James Fox,English,20628,8.3,UK/USA,20.90
145, Three Seasons,Drama,113,1999,Tony Pei,Ngoc Hiep Nguyen / Ngoc Minh / Phat Trieu Hoang,Vietnamese,10458,8.3,Vietnam/United States,20.90
146, Pierrot le fou,Drama / Romance / Crime,110,1965,Jean-Luc Godard,Jean-Paul Belmondo / Ana Karina / Jazera Galvani,French,28019,8.4,France/Italy,20.60
147, Hævnen,Drama,119,2010,Susannah Bill,Mikael Persbrandt / Trine Tihong / Marcus Riggard,Danish,25693,8.3,Denmark/Sweden,21.10
148, The King's Speech,Drama / Biography / History,118,2010,Tom Hooper,Colin Firth / Geoffrey Rush / Helena Bonham Carter,English,563450,8.4,UK/Australia/US,21.10
149, Conte de printemps,Comedy / Drama / Romance,108,1990,Eric Rohmer,Anne Teyssèdre / Sugar Quest / Florence Darel,French,48305,8.4,France,20.90
150, Conte d'été,Drama / Romance,113,1996,Eric Rohmer,Melville Pope / Amanda Langler / Gnau Simon,French,38987,8.3,France,20.90
151, La Môme,Drama / Biography / Romance / Music,140,2007,Olivier Dahan,Marion Cotillard / Sylvie Testi / Pascal Gregory,French,84619,8.4,France/UK/Czech,21.00
152, Lords of Dogtown,Biography / Drama / Sports,107,2005,Katherine Hardwick,Emile Hirsch / Heath Ledger / John Robinson,English,7443,8.3,USA/Germany,21.00
153, La mala educación,Drama / Crime / Mystery / Thriller / Same Sex,106,2004,Pedro Almodovar,"Gael García Bernal, Ferre Martinez, Daniel Ximenez Cacho",Spanish,37714,8.3,Spain,21.00
154,4 Mission: Impossible - Ghost Protocol,Action / Thriller / Adventure,133,2011,Brad Bird,Tom Cruise / Jeremy Renner / Simon Pegg,English,402368,8.3,USA,21.10
155,grandson from america,Drama / Children / Family,89,2012,Song River,Luo Jingmin / Ding Jiaming / Liu Tianzuo,Shaanxi dialect,80908,8.5,Mainland China,21.10
156, Too Big to Fail,Drama / Biography / History,99,2011,Curtis Hansen,James Woods / John Hurd / William Hurt,English,24735,8.3,USA,21.10
157, Le rouge et le noir,Drama / Romance,200,1997,Jean-Daniel Verhaeghe,"Carol Bouquet, Jim Rose Stewart, Judith Godresh",French,6309,8.3,France/Italy/Germany,20.90
158, The Cassandra Crossing,Drama / Action / Thriller / Disaster,129,1976,George P. Cosmatus,Sophia Loren / Richard Harris / Martin Sheen,English,27340,8.3,UK/Italy/West Germany,20.70
159, Triangle,Drama / Mystery / Thriller,99,2009,Christopher Smith,Melissa George / Liam Hemsworth / Michael Dorman,English,755727,8.5,UK/Australia,21.00
160,Antarctic cook Antarctic cook,Comedy,125,2009,Okita Shuichi,Masato Sakai / Katsuhisa Namase / Yasushi Koseki,Japanese,79703,8.3,Japan,21.00
161,take the wrong train,Drama / Music / Family,89,1983,Yu Kanping,Sun Yue / Liu Ruiqi / Li Liqun,Mandarin,16495,8.3,Hong Kong / Taiwan,20.80
162,2 Back to the Future Part II,Comedy / Sci-Fi / Adventure,108,1989,Robert Zemeckis,Michael J. Fox / Christopher Lloyd / Lea Thompson,English,99903,8.5,USA,20.80
163,platform,Drama / History,154,2000,Jia Zhangke,Wang Hongwei / Zhao Tao / Liang Jingdong,Mandarin,60335,8.4,Mainland China/Hong Kong/Japan/France,21.00
164,Xiao Wu,Drama,108,1998,Jia Zhangke,Wang Hongwei / Hao Hongjian / Zuo Xiachu,Jin language,117927,8.5,Hong Kong/Mainland China,20.90
165,autumn fairy tale autumn fairy tale,Drama / Romance,98,1987,Wanting Zhang,Chow Yun-fat / Zhong Chuhong / Chen Baiqiang,Cantonese,84255,8.5,Hong Kong,20.80
166, An American Crime,Crime / Drama,97,2007,Tommy O Haver,Elliott Page / Halle MacFarlane / Nick Searcy,English,40290,8.3,USA,21.00
167,heroic character 2,Drama / Action / Crime,105,1987,John Woo,Dillon / Leslie Cheung / Chow Yun-Fat,Cantonese,157447,8.4,Hong Kong,20.80
168, Taken,Action / Crime / Drama / Thriller,93,2008,Pierre Morel,Liam Neeson / Maggie Grace / Famke Janssen,English,236889,8.3,France/US/UK,21.00
169,yellow sea,Drama / Action / Crime,157,2010,Luo Hongzhen,Ha Jung Woo / Kim Yoon Suk / Jung Man Sik,Korean,195927,8.5,Korea/US/Hong Kong,21.10
170,Let's live right,Comedy,102,2007,Luo Xican,Zheng Zaiyong / Sun Binghao / Li Hanwei,Korean,68501,8.3,South Korea,21.00
171, A Streetcar Named Desire,Drama,122,1951,Elijah Kazan,Vivien Leigh / Marlon Brando / Kim Hunter,English,41490,8.4,USA,20.50
172, Scarface,Crime / Drama / Thriller,170,1983,Brian De Palma,Al Pacino / Steven Ball / Michelle Pfeiffer,English,70635,8.3,USA,20.80
173, When Harry Met Sally...,Comedy / Drama / Romance,96,1989,Rob Reiner,Billy Crystal / Meg Ryan / Carrie Fisher,English,135251,8.3,USA,20.80
174, The Devil's Advocate,Drama / Mystery / Thriller,144,1997,Taylor Hackford,Keanu Reeves / Al Pacino / Charlize Theron,English,143675,8.4,USA/Germany,20.90
175, Blade Runner,Science Fiction / Thriller,117,1982,Ridley Scott,Harrison Ford / Rutger Hauer / Sean Young,English,224673,8.5,USA,20.80
176,2： Star Wars: Episode V - The Empire Strikes Back,Action / Adventure / Sci-Fi,124,1980,Irving Kershner,Mark Hamill / Harrison Ford / Carrie Fisher,English,95119,8.4,USA,20.80
177, Seabiscuit,Drama/History/Sports,140,2003,Gary Ross,Tobey Maguire / Jeff Bridges / Chris Cooper,English,33914,8.4,USA,21.00
178,Chaser,Crime / Drama / Thriller,125,2008,Luo Hongzhen,Ha Jung Woo / Kim Yoon Suk / Seo Young Hee,Korean,213304,8.4,South Korea,21.00
179, The Thirteenth Floor,Science Fiction / Mystery / Thriller,100,1999,Joseph Rusnak,Craig Bielke / Armin Mueller-Stahl / Gretchen Moore,English,97065,8.4,USA/Germany,20.90
180, The Negotiator,Action / Crime / Drama / Mystery / Thriller,140,1998,F. Gary Gray,Samuel L Jackson / Kevin Spacey / David Morse,English,107550,8.5,USA/Germany,20.90
181, Casino,Biography / Crime / Drama,178,1995,Martin Scorsese,Robert De Niro / Sharon Stone / Joe Pesci,English,39568,8.3,USA/France,20.90
182, Primal Fear,Drama / Crime / Mystery,129,1996,Gregory Hoblit,Richard Gere / Edward Norton / Laura Linney,English,190923,8.5,USA,20.90
183, Evil Under the Sun,Crime / Suspense,117,1982,Guy Hamilton,Peter Ustinov / Maggie Smith / Colin Blakely,English,40575,8.3,UK,20.80
184, The Bridge on the River Kwai,Drama / History / War,161,1957,David Lean,William Holden / Alec Guinness / Jack Hawkins,English,22832,8.4,UK/USA,20.50
185, The Great Debaters,Biography / Drama,126,2007,Denzel Washington,Denzel Washington / Nate Pike / Junie Smollett,English,21043,8.3,USA,21.00
186, Per un pugno di dollari,Action / Western,99,1964,Sergio Leone,Clint Eastwood / Gian Maria Volont / Wolfgang Lucasi,Italian,61126,8.4,Italy/Spain/West Germany,20.60
187,peppermint candy,Drama,130,1999,Li Cangdong,Xue Jingqiu / Wen Suli / Jin Ruzhen,Korean,61528,8.5,Korea/Japan,20.90
188, Beautiful Thing,Drama / Comedy / Romance / Gay,90,1996,Shetty MacDonald,Lynda Henry / Glenn Berry / Scott Neal,English,10913,8.3,UK,20.90
189, Star Wars,Action / Sci-Fi / Adventure,121,1977,George Lucas,Harrison Ford / Mark Hamill / Carrie Fisher,English,124829,8.4,USA,20.70
190, Sense and Sensibility,Drama / Romance,136,1995,Ang Lee,Emma Thompson / Kate Winslet / Hugh Grant,English,120313,8.4,USA/UK,20.90
191, Zwartboek,Drama / Thriller / War,145,2006,Paul Verhoeven,Caris Van Houten / Sebastian Koch / Tom Hoffman,Dutch,72488,8.4,Netherlands/Germany/UK/Belgium,21.00
192, My Own Private Idaho,Drama / Romance / Gay,104,1991,Gus Van Sant,River Phoenix / Keanu Reeves / James Russo,English,59477,8.3,USA,20.90
193,Unforgettable love,Drama / Romance,98,1993,Er Dongsheng,Lau Ching Wan / Anita Yuen / Carina Lau,Cantonese,55829,8.3,Hong Kong,20.90
194, Gladiator,Drama / Action / Adventure,155,2000,Ridley Scott,Russell Crowe / Joaquin Phoenix / Connie Nelson,English,203874,8.5,USA/UK/Malta/Morocco,21.00
195,dark battle dark battle,Action / Drama / Crime,93,1999,To Qifeng,Andy Lau / Liu Qingyun / Meng Jiahui,Cantonese,219886,8.5,Hong Kong,20.90
196, Enemy at the Gates,Drama / History / War,131,2001,Jean-Jacques Arnault,Jude Law / Ed Harris / Rachel Weisz,English,179662,8.4,Ireland/UK/France/Germany/US,21.00
197, The Parent Trap,Children / Comedy / Romance / Family,127,1998,Nancy Meyers,Lindsay Lohan / Dennis Quaid / Natasha Richardson,English,169253,8.4,USA,20.90
198,3： Star Wars: Episode VI - Return of the Jedi,Action / Sci-Fi / Adventure,131,1983,Richard Marquand,Mark Hamill / Harrison Ford / Anthony Daniels,English,86787,8.4,USA,20.80
199,X X,Crime / Drama / Mystery,128,2008,Hiroshi Nishitani,Masaharu Fukuyama / Sachi Shibasaki / Shinichi Tsutsumi,Japanese,199819,8.4,Japan,21.00
200,detective,Action / Crime / Mystery / Thriller,90,2007,Johnnie To / Wai Ka Fai,Liu Qingyun / An Zhijie / Lin Jiadong,Cantonese,243134,8.5,Hong Kong,21.00
201, Reservoir Dogs,Thriller / Crime,99,1992,Quentin Tarantino,Harvey Keitel / Tim Roth / Michael Madsen,English,187619,8.4,USA,20.90
202,Marathon,Drama / Biography / Sports,117,2005,Zheng Yinche,Cho Seung Woo / Lee Ki Young / Kim Mi Sook,Korean,14421,8.3,South Korea,21.00
203, Je m'appelle Elisabeth,Drama,90,2006,Champier Yamos,Alba Gaïa Kraghede Bellugi / Stephane Freys / Maria de Medello,French,14718,8.3,France,21.00
204, Nothing But the Truth,Drama / Suspense,108,2008,Rod Larry,Kate Beckinsale / Matt Dillon / Vera Farmiga,English,32610,8.3,USA,21.00
205, Mar adentro,Biography / Drama,125,2004,Alejandro Amenaval,Javier Bardem / Lola Dueñas / Alberto Amarilla,Spanish,19721,8.3,Spain/France/Italy,21.00
206, Eternal Sunshine of the Spotless Mind,Drama / Romance / Science Fiction,108,2004,Michel Gondry,Jim Carrey / Kate Winslet / Elijah Wood,English,228453,8.5,USA,21.00
207,snowy road,Drama / History / War,122,2015,Li Najing,Kim Heung Ki / Kim Sae Ron / Zhang Rongnan,Korean,17937,8.3,South Korea,21.10
208, Chce Się Żyć,Drama,112,2013,Maciej Peprica,David Ognick / Dorota Colac / Arcadius Yakubic,Polish,11768,8.3,Poland,21.10
209, Coherence,Science Fiction / Mystery / Thriller,89,2013,James Ward Booker,Emily Baldoni / Murray Sterling / Nicholas Brandon,English,501717,8.5,USA/UK,21.10
210," Like Sunday, Like Rain",Drama / Music,104,2014,Frank Wiley,"Julian Shatkin, Leighton Meester, Deborah Messing",English,142177,8.3,USA,21.10
211,1917,Drama / War,119,2019,Sam Mendes,George MacKay / Dean Charles Chapman / Colin Firth,English,474004,8.5,US/UK/India/Spain/Canada/Mainland China,21.10
212, Il testimone invisibile,Drama / Crime / Mystery / Thriller,102,2018,Stefano Mordini,Ricardo Scammaccio / Miriam Leone / Maria Piato,Italian,58734,7.4,Italy,21.10
213, L'amour l'après-midi,Drama / Romance,97,1972,Eric Rohmer,Bernard Verley / Zuzu / Françoise Verley,French,15801,8.4,France,20.70
214, Ma nuit chez Maud,Drama / Romance,110,1969,Eric Rohmer,Jean-Louis Tradignan / Frances Fabien / Marie-Christine Barrott,French,12264,8.3,France,20.60
215, 4 aventures de Reinette et Mirabelle,Drama / Comedy,99,1987,Eric Rohmer,Joëlle Miquel / Jessica Ford / Mr. Housseau,French,17734,8.6,France,20.80
216,Borrowing rain point theory ,Drama / Fantasy / Romance,119,2004,Doi Yutai,Takeuchi Yuko / Nakamura Shido / Takei Card,Japanese,34994,8.5,Japan,21.00
217, Little Women,Drama / Romance / Family,115,1994,Gillian Armstrong,Winona Ryder / Gabriel Byrne / Trini Alvarado,English,66934,8.5,USA / Canada,20.90
218, The Magic of Ordinary Days,Drama / Romance / War,94,2005,Brandt Shields,Kelly Russell / Skeeter Ulrich,English,16978,8.5,USA / Canada,21.00
219, Krótki film o zabijaniu,Drama / Crime,84,1988,Krzysztof Kieslowski,Miroslo Baka / Krzysztof Globish / Jan Tsalitz,Polish,12997,8.3,Poland,20.80
220, Melody,Drama / Romance,103,1971,Varys Hussain,Mark Lester / Tracy Head / Jack Ward,English,42103,8.5,UK,20.70
221, Trainspotting,Drama / Crime,94,1996,Danny Boyle,Ewan McGregor / Irving Brener / Johnny Lee Miller,English,384801,8.6,UK,20.90
222, Hable con ella,Drama / Romance,112,2002,Pedro Almodovar,Javier Camara / Dario Grandinetti / Leonor Watling,Spanish,83503,8.5,Spain,21.00
223, Issız Adam,Drama / Romance,113,2008,Charn Ermark,Melis Berkan / Gemal Hunal / Yildiz Kültür,Turkish,18174,8.5,Turkey,21.00
224, Un Condamné à mort s'est échappé,Drama / Thriller / War,101,1956,Robert Bresson,"François Leterrier, Charles LeCline, Maurice Bellbrook",French,16440,8.5,France,20.50
225,Secret Love Peach Blossoms Secret Love Peach Blossoms,Drama / Comedy / Romance,107,1992,Lai Shengchuan,Lin Qingxia / Li Liqun / Jin Shijie,Mandarin,53233,8.5,China Taiwan,20.90
226, 4 Tage im Mai,Drama / War,97,2011,Achim von Boris,Pavel Wenzel / Alexey Guskov / Ivan Shevdorf,German,10756,8.5,Germany/Russia/Ukraine,21.10
227,： Kingsman: The Secret Service,Comedy / Action / Adventure,125,2014,Matthew Vaughn,Taron Edgerton / Colin Firth / Samuel L Jackson,English,621522,8.4,UK/USA,21.10
228," That summer, the quietest sea.",Drama / Comedy / Romance,101,1991,Kitano Takeshi,Claude Maki / Hiroko Oshima / Claude Maki,Japanese,76518,8.5,Japan,20.90
229,Let's go out to the town,Drama / Music,137,1971,Shuji Terayama,Sasaki Hideaki / Saito Masashi / Hiraizumi Cheng,Japanese,6687,8.5,Japan,20.70
230, To Be or Not to Be,Drama / War / Comedy,107,1983,Alan Johnson,Mel Brooks / Anne Bancroft / Tim Matheson,English,3612,8.5,USA,20.80
231,"color, ring",Drama / Romance / Erotica,158,2007,Ang Lee,Tony Leung / Tang Wei / Chen Chong,Mandarin,671170,8.6,Taiwan/Mainland/US/Hong Kong,21.00
232, Meu Pé de Laranja Lima,Drama,99,2012,Marcos Bernstein,João Guilherme de Ávila / José de Abreu / Fernanda Vianna,Portuguese,8600,8.4,Brazil,21.10
233, So weit die Füße tragen,Drama / War,158,2001,Hardy Martins,Michael Mendel,German,10314,8.3,Germany,21.00
234,wind,Crime / Drama / Thriller / War,118,2009,Chen Guofu / Gao Qunshu,Zhou Xun / Li Bingbing / Zhang Hanyu,Mandarin,543188,8.4,Mainland China,21.00
235," 4 luni, 3 săptămâni și 2 zile",Drama,113,2007,Christian Mongy,Anna Maria Marinka / Laura Vasily / Vlad Ivanov,Romanian,34590,8.3,Romania,21.00
236, Philomena,Drama / Biography / Gay / Family,98,2013,Stephen Frears,Judi Dench / Steve Coogan / Sophie Kennedy Clark,English,25749,8.4,UK/US/France,21.10
237, The Painted Veil,Drama / Romance,125,2006,John Callan,Edward Norton / Naomi Watts / Toby Jones,English,153328,8.3,USA/Mainland China/Canada,21.00
238,Dutiful sons and grandsons serve,Comedy,90,1993,Chen Peisi / Zeng Jianfeng,Chen Peisi / Zhao Lirong / Ding Jiali,Mandarin,14193,8.6,Mainland China,20.90
239,catch a strong man,Comedy,96,1963,Chen Ge / Shen Yan,Wu Xue / Chen Ge / Yin Wenyuan,Sichuan dialect,2582,8.5,Mainland China,20.60
240, The Gentlemen,Comedy / Action / Crime,113,2019,Guy Ritchie,Matthew McConaughey / Charlie Hunnam / Hugh Grant,English,200455,8.3,UK/USA,21.10
241, Una giornata particolare,Drama / Romance / War,106,1977,Ettore Scola,Sophia Loren / Marcelo Mastroianni / John Vernon,Italian,1636,8.4,Italy/Canada,20.70
242,"Crouching Tiger, Hidden Dragon Crouching Tiger, Hidden Dragon",Drama / Romance / Martial Arts,120,2000,Ang Lee,Chow Yun Fat / Michelle Yeoh / Zhang Ziyi,Mandarin,411002,8.3,Taiwan/Hong Kong/US/Mainland China,21.00
243,Lan Yu Lan Yu,Drama / Romance / Gay,86,2001,Guan Jinpeng,Hu Jun / Liu Ye / Su Jin,Mandarin,254474,8.4,Mainland China/Hong Kong,21.00
244, The Phantom of the Opera,Drama / Romance / Thriller / Music,143,2004,Joe Schumacher,Gerard Butler / Amy Rossum / Patrick Wilson,English,151398,8.5,UK/USA,21.00
245,If there is love,Action / Drama / Romance,92,1990,Chen Musheng,Andy Lau / Wu Qianlian / Wu Mengda,Cantonese,91107,8.4,Hong Kong,20.90
246, Kill Bill: Vol. 1,Action / Crime / Thriller,111,2003,Quentin Tarantino,Uma Thurman / Lucy Liu / Vivica Fox,English,459858,8.3,USA,21.00
247,· Billy Lynn's Long Halftime Walk,Drama / War,113,2016,Ang Lee,Joe Alwyn / Garrett Hedlund / Kristen Stewart,English,366300,8.3,US/UK/Mainland China,21.10
248,chance and imagination chance and imagination,Drama / Romance,121,2021,Hamaguchi Ryusuke,Furukawa Kotone / Shibukawa Kiyohiko / Ozabe House,Japanese,52347,8.3,Japan,21.20
249,fallen angel fallen angel,Comedy / Crime / Drama / Romance,99,1995,Wong Kar Wai,Dawn / Li Jiaxin / Takeshi Kaneshiro,Cantonese,163090,8.3,Hong Kong,20.90
250,Blood Avalokitesvara Blood Avalokitesvara,Drama / Suspense,112,2017,Yang Yazhe,Hui Yinghong / Wu Kexi / Wen Qi,Mandarin,353510,8.5,China Taiwan,21.10
251,Sunshine Sunshine,Drama / Crime / Family,155,2019,Zhong Menghong,Chen Yiwen / Ke Shuqin / Wu Jianhe,Mandarin,293915,8.5,China Taiwan,21.10
252, Her,Drama / Romance / Science Fiction,126,2013,Spike Jones,Joaquin Phoenix / Scarlett Johansson / Amy Adams,English,408103,8.4,USA,21.10
253, Midnight in Paris,Drama / Romance / Fantasy,94,2011,Woody Allen,Owen Wilson / Marion Cotillard / Rachel McAdams,English,290863,8.3,Spain/USA/France,21.10
254,piano of steel,Drama / Comedy,119,2010,Zhang Meng,Wang Qianyuan / Qin Hailu / Zhang Shenying,Mandarin,340009,8.5,Mainland China,21.10
255,I am going to meet you now.,Drama / Romance / Fantasy,132,2018,Li Zhangxuan,So Ji Sub / Son Ye Jin / Kim Ji Hwan,Korean,110331,8.3,South Korea,21.10
256, The King of Comedy,Comedy / Drama / Crime,109,1982,Martin Scorsese,Robert De Niro / Jerry Lewis / Diana Abbott,English,14376,8.5,USA,20.80
257, L'ami de mon amie,Comedy / Romance,103,1987,Eric Rohmer,Emmanuel Elle Scholet / Sophie Renoir / Anne-Laurey Murray,French,26690,8.4,France,20.80
258, Kästner und der kleine Dienstag,Drama,99,2016,Wolfgang Murnberg,Florian David Fitz / Nikolaus Barton / Hans Löw,German,7800,8.4,Germany/Austria,21.10
259, The Cameraman,Drama / Comedy / Romance / Family,76,1928,Edward Sedgwick / Buster Keaton,Buster Keaton / Marcelin Day / Harold Goodwin,English,2616,8.5,USA,20.20
260, A torinói ló,Drama,155,2011,Bella Tarr / Anias Hranitsky,Janos Delges / Erika Bock / Mihai Komos,Hungarian,18740,8.4,Hungary/France/Switzerland/Germany/USA,21.10
261,Sonatine,Drama / Crime,94,1993,Kitano Takeshi,Kitano Takeshi / Kunimai Aya / Watanabe Tetsu,Japanese,18709,8.4,Japan,20.90
262,Military field novel,Drama / Romance,92,1983,Peter Todolowski,Nikolai Burlyayev / Inna Churikova / Inna Churikova,Russian,1048,8.5,Soviet Union,20.80
263,autumn and,Drama / Family,128,1960,Yasujiro Ozu,Setsuko Hara / Shi Ye / Okada Jasmine,Japanese,7197,8.4,Japan,20.60
264, Leningrad Cowboys Go America,Comedy / Music,78,1989,Aki Kaurismaki,Marty Perumpa / Jim Jarmusch / Kari Vananen,Finnish,15786,8.4,Finland/Sweden,20.80
265, Nattvardsgästerna,Drama,81,1963,Ingmar Bergman,Gunnar Bujoenstrand / Max von Sydow / Ingrid Thulin,Swedish,5508,8.3,Sweden,20.60
266,Dear Frankie,Drama / Romance,105,2004,Shauna Auerbach,Emily Mortimer / Gerard Butler / Jack McHoun,English,7622,8.4,UK,21.00
267, Kind Hearts and Coronets,Comedy / Crime,106,1949,Robert Hamer,Alec Guinness / Valeria Hobson / Dennis Price,English,6232,8.4,UK,20.40
268, Midnight Run,Comedy / Action / Crime / Adventure,126,1988,Martin Brest,Robert De Niro / Charles Grodin / Yaphet Cotto,English,22703,8.5,USA,20.80
269, Au hasard Balthazar,Crime / Drama,95,1966,Robert Bresson,Anne Wiazemsky / Walter Green / François Lafarge,French,6767,8.4,France/Sweden,20.60
270,dream life dream life,Biography / Drama / War,142,1993,Hou Hsiao-hsien,Cai Zhennan / Torrent / Huang Qianru,Mandarin,7677,8.4,China Taiwan,20.90
271,Sand woman Sand woman,Drama,123,1964,Hiroshi Teshigahara,Eiji Okada / Kyoko Kishida / Koji Mitsui,Japanese,10232,8.5,Japan,20.60
272, Kolja,Drama / Comedy / Music,105,1996,Jan Sverak,Zdanek Svirak / Andrei Chalimon / Libushe Shafrankova,Slovak,5921,8.4,Czech/UK/France,20.90
273,Xiaobi's story Xiaobi's story,Drama,100,1983,Chen Kunhou,Cui Fusheng / Niu Chengze / Yan Zhengguo,Minnan Language,6880,8.3,China Taiwan,20.80
274,The Life of Oharu Nishizuru The Life of Oharu,Drama,148,1952,Mizoguchi Kenji,Kinuyo Tanaka / Hisako Yamane / Toshiro Mifune,Japanese,6091,8.3,Japan,20.50
275, Awakenings,Drama / Biography,121,1990,Penny Marshall,Robert De Niro / Robin Williams / Julie Kavner,English,9840,8.4,USA,20.90
276, Uzak,Drama,110,2002,Nuri Big Ceylon,Muzafi Oldmer / Imin Toprak / Shevro Janense,Turkish,11242,8.3,Turkey,21.00
277, Roma,Drama / Comedy,120,1972,Federico Fellini,Peter Gonzalez Falcon / Fiona Florence / Britta Barnes,Italian,6827,8.4,Italy/France,20.70
278," Aguirre, der Zorn Gottes",Adventure / Biography / Drama / History,93,1972,Werner Herzog,Klaus Kinski / Peter Belling / Helena Rojo,German,7294,8.3,West Germany/Mexico/Peru,20.70
279, La vida secreta de las palabras,Drama,115,2005,Isabelle Cosette,Sarah Polley / Tim Robbins / Swell Anker Osda,English,5557,8.3,Spain/Ireland,21.00
280, Babettes gæstebud,Drama / Music / Romance,102,1987,Gabriel Akshay,Stefan Alderaan / Bodil Schell / Birgit Fidespier,Danish,10104,8.4,Denmark,20.80
281, Husbands and Wives,Drama / Romance,103,1992,Woody Allen,Woody Allen / Blythe Danner / Judy Davis,English,8596,8.3,USA,20.90
282, Germania anno zero,Drama / War,78,1948,Roberto Rossellini,Edmund Moschke / Ernst Pittsshaw / Ingertroud Hintzer,German,6103,8.4,Italy/France/Germany,20.40
283, Contracorriente,Drama / Gay,100,2009,Javier Fuentes-Leon,Christian Mercado / Tatina Astengo / Manolo Cardona,Spanish,8685,8.3,Peru/Colombia/France/Germany,21.00
284, Clapham Junction,Drama / Gay,97,2007,Adrian Shergaard,Rachel Black / Samantha Bond / Stuart Bunce,English,13314,8.3,UK,21.00
285,railway clerk,Drama,112,1999,Yasuo Furuhata,Takakura Ken / Otake Shinobi / Hirosue Ryoko,Japanese,19693,8.4,Japan,20.90
286, Duma,Drama / Adventure,100,2005,Carol Ballard,Alex Michaeletos / Campbell Scott / Hope Davis,English,8110,8.3,USA,21.00
287,Dunhuang,Drama / History / Costumes,143,1988,Junya Sato,Toshiyuki Nishida / Koichi Sato / Anna Nakagawa,Japanese,7599,8.4,Mainland China/Japan,20.80
288, Conte d'hiver,Drama / Romance,114,1992,Eric Rohmer,"Charlotte Wery, Frederic Van Dendrischer, Michele Valetti",French,31802,8.5,France,20.90
289, Stalag 17,Drama / Comedy / War,120,1953,Billy Wilder,William Holden / Don Taylor / Otto Preminger,English,5711,8.5,USA,20.50
290, Stagecoach,Action / Drama / Romance / Western,96,1939,John Ford,John Wayne / Claire Trevor / John Carradine,English,13315,8.4,USA,20.30
291,Life,Drama / Romance,125,1984,Wu Tianming,Zhou Lijing / Wu Yufang / Gao Baocheng,Mandarin,7688,8.4,Mainland China,20.80
292,Bloody Twins Bloodstained Twins,Action / Crime / Drama / Thriller,111,1989,John Woo,Chow Yun-fat / Li Xiuxian / Ye Qianwen,Cantonese,75158,8.5,Hong Kong,20.80
293,Heroes of martial arts,Action / Drama,107,1994,Chen Jiashang,Li Lianjie / Zhongshan Ren / Qian Xiaohao,English,121308,8.5,Hong Kong/Mainland China,20.90
294,prison situation prison situation,Drama / Action / Crime,101,1987,Lin Lingdong,Chow Yun-fat / Leung Ka Fai / Ho Ka Kui,Cantonese,109667,8.4,Hong Kong,20.80
295,Red Sorghum,Drama / History / Romance / War,91,1988,Zhang Yimou,Gong Li / Jiang Wen / Teng Rujun,Mandarin,233652,8.5,Mainland China,20.80
296,have something to say,Drama / Comedy,90,1997,Zhang Yimou,Jiang Wen / Li Baotian / Qu Ying,Mandarin,196837,8.4,Mainland China,20.90
297,natal year,Drama / Romance,108,1990,Xie Fei,Jiang Wen / Cheng Lin / Yue Hong,Mandarin,40227,8.3,Mainland China,20.90
298,The Sun Also Rises,Drama / Fantasy,116,2007,Jiang Wen,Jaycee Chan / Zhou Yun / Jiang Wen,Mandarin,253050,8.3,Mainland China,21.00
299, Hors normes,Drama,114,2019,Olivier Nacash / Eric Toledano,Vincent Cassel / Leda Cardib / Helen Vincent,French,15967,8.4,France/Belgium,21.10
300, La famille Bélier,Drama / Comedy / Music / Family,105,2014,Eric Radigo,Luanne Aimeha / Carlene Weill / François Damien,French,67031,8.4,France/Belgium,21.10
301, TharnType Special: Everlasting Love,Love / Gay / Family,92,2020,Tee Sintanaparadee,Supassi Dzongchewa / Karnawu Zhaipatanapoong / Thannayong Wangtraku,Thai,12862,8.3,Thailand,21.20
302,Sorry We Missed You,Drama / Family,100,2019,Ken Lodge,Chris Hitchen / Debbie Honeywood / Rhys Stone,English,48478,8.5,UK/France/Belgium,21.10
303, Ford v Ferrari,Drama / Biography / Sports,152,2019,James Mangold,Matt Damon / Christian Bale / Josh Lucas,English,213177,8.5,USA,21.10
304, Jojo Rabbit,Drama / Comedy / War,108,2019,Taika Waititi,Roman Griffin Davis / Thomasin McKenzie / Scarlett Johansson,English,308537,8.3,USA/Czech/New Zealand,21.10
305, The Art of Racing in the Rain,Drama / Comedy / Romance / Sports,109,2019,Simon Curtis,Kevin Costner / Milo Ventimiglia / Amanda Seyfried,English,56601,8.3,USA,21.10
306, Dolor y gloria,Drama / Gay,113,2019,Pedro Almodovar,Antonio Banderas / Asher Etseandia / Leonardo Sparaglia,Spanish,77448,8.5,Spain/France,21.10
307, Hotel Mumbai,Drama / History / Thriller,123,2018,Anthony Maras,Armie Hammer / Nazanin Boniarty / Dev Patel,English,176371,8.4,Australia/USA/India,21.10
308,My special brother,Comedy,114,2019,Naotaka Yoon,Shin Ha Kyun / Lee Kwang Soo / Lee Su,Korean,73040,8.3,South Korea,21.10
309, SUNNY,Drama / Comedy / Song And Dance,119,2018,Hitoshi Ohne,Shinohara Ryoko / Hirose Suzu / Itaya Yuka,Japanese,62129,8.3,Japan,21.10
310,JP： コンフィデンスマンJP ,Drama / Comedy,105,2019,Tanaka Ryo,Masami Nagasawa / Masahiro Higashide / Fumiyo Kohinata,Japanese,49993,8.3,Japan,21.10
311,4： Avengers: Endgame,Drama / Action / Sci-Fi / Fantasy / Adventure,181,2019,Anthony Russell / Joe Russell,Robert Downey Jr. / Chris Evans / Mark Ruffalo,English,1000428,8.5,USA,21.10
312, Ballon,Drama / History / Thriller,125,2018,Michael Herbig,Frederick Mook / Karolini Schuch / David Krause,German,50412,8.4,Germany,21.10
313,Perfectos desconocidos,Comedy,97,2017,Alex de la Iglesia,Belen Rueda / Edward Fernandez / Ernest Adeleo,Spanish,63682,8.4,Italy/Spain,21.10
314,Moriichi Arikumaya Where Mori is located,Drama / Comedy / Biography,99,2018,Okita Shuichi,Yamazaki Nu / Aoki Noble / Fukigoshi,Japanese,25274,8.4,Japan,21.10
315,Black Cannon Incident,Drama / Comedy,99,1986,Huang Jianxin,Liu Zifeng / Gerhard Olszewski / Gao Ming,Mandarin,25910,8.6,Mainland China,20.80
316,stubborn,Drama / Comedy,100,1988,Mijiashan,Zhang Guoli / Ge You / Liang Tian,Mandarin,83496,8.4,Mainland China,20.80
317,The person who hurts me the most in the world is gone,Drama / Family,94,2002,Ma Liwen,Siqin Gaowa / Huang Suying,Mandarin,11451,8.4,Mainland China,21.00
318,beginning of spring,Drama,105,2007,Gu Changwei,Jiang Wenli / Zhang Yao / Li Guangjie,Jin language,131499,8.3,Mainland China,21.00
319,Double Flag Town Swordsman,Action / Adventure / Martial Arts,91,1991,He Ping,Gao Yiwei / Zhao Mana / Chang Jiang,Mandarin,39708,8.3,Mainland China,20.90
320,Camel Xiangzi,Drama,125,1982,Ling Zifeng,Zhang Fengyi / Siqin Gaowa / Yin Xin,Mandarin,22791,8.3,Mainland China,20.80
321,Incense,Drama,97,2003,Ning hao,Li Qiang,Mandarin,15705,8.4,Mainland China,21.00
322,year round,Comedy,100,2008,Wang Jing,Chen Gang / Wang Chang'e / Zhang Tong,Mandarin,7325,8.3,Mainland China,21.00
323, The Ballad of Buster Scruggs,Drama / Comedy / Romance / Western / Mystery / Song And Dance,133,2018,Ethan Cohen / Joel Cohen,Harry Mirling / Zoe Kazan / Liam Neeson,English,117129,8.5,USA,21.10
324, Das schweigende Klassenzimmer,Drama / History,111,2018,Lars Kraume,Jonas Dassler / Tom Grimmenz / Michael Gervestek,German,28314,8.4,Germany,21.10
325, Searching,Drama / Crime / Mystery / Thriller,102,2018,Anish Chaganti,John Cho / Mitchell Ra / Deborah Messing,English,473274,8.5,USA/Russia,21.10
326, Lazzaro felice,Drama / Fantasy,127,2018,Alice Rohrwacher,Adriano Tardiolo / Agnese Graziani / Luca Ciccovani,Italian,103374,8.5,Italy/Switzerland/France/Germany,21.10
327, Cría cuervos,Drama,110,1976,Carlos Saura,Geraldine Chaplin / Monica Randali / Florinda Chico,Spanish,4791,8.5,Spain,20.70
329, Case No. 23,Drama,113,2017,Zed Doyle,Adel Kalam / Carmel Basha / Kamil Salami,Arabic,19413,8.3,Lebanon/France/Cyprus/Belgium/USA,21.10
330,"Love, Simon",Comedy / Romance / Gay,110,2018,Greg Berlanti,Nick Robinson / Jennifer Garner / Josh Duhamel,English,213584,8.3,USA,21.10
331, Monsieur & Madame Adelman,Comedy / Romance,120,2017,Nicholas Bedos,"Doria Tillier, Nicolas Bedos, Denis Podalides",French,37678,8.3,France/Belgium,21.10
332, La promesse de l'aube,Biography / Romance,131,2017,Eric Barbier,Pierre Ninenet / Charlotte Gainsbourg / Didier Bouldon,French,11951,8.3,France/Belgium,21.10
333, Un sac de billes,Drama / History / War,110,2017,Christine Dewar,"Dorian Le Clich, Baptiste Fleurier, Patrick Brewer",French,12089,8.3,France/Canada/Czech,21.10
334, Distancias cortas,Drama / Comedy,104,2015,Alessandro Guzmán Alvarez,Luca Ortega / Maurizio Isaac / Joel Figueroa,Spanish,16025,8.4,Mexico,21.10
335, The Post,Drama / Biography / History,116,2017,Steven Spielberg,Meryl Streep / Tom Hanks / Sarah Paulson,English,109036,8.3,USA/UK,21.10
336, God's Own Country,Drama / Romance / Gay,104,2017,Francis Lee,"Josh O'Connor, Alec Secraanu, Gemma Jones",English,50650,8.4,UK,21.10
337,120 120 battements par minute,Drama / Gay,143,2017,Robin Campillo,"Naville Perez Biscayatt, Arnold Valois, Adela Harnell",French,48082,8.3,France,21.10
338, Only the Brave,Drama / Biography / Disaster,134,2017,Joseph Kosinski,Josh Brolin / Miles Teller / Jeff Bridges,English,87110,8.3,USA,21.10
339," Ah, Wilderness Part 1",Drama,157,2017,Yoshiyuki Kishi,Sugata Masaki / Liang Yizhun / Kinoshita Akari,Japanese,27663,8.4,Japan,21.10
340, Darkest Hour,Drama / Biography / History / War,125,2017,Joe Wright,Gary Oldman / Kristin Scott Thomas / Lily James,English,345376,8.5,UK/USA,21.10
341, Au nom de ma fille,Drama / Biography,87,2016,Vincent Jahon,Daniel Ottey / Sebastian Koch / Marie-Joshe Croze,French,29335,8.4,France Germany,21.10
342,What a Wonderful Family 2,Comedy / Family,113,2017,Yoji Yamada,Isao Masuzume / Kazuko Yoshiyuki / Masahiko Nishimura,Japanese,32279,8.4,Japan,21.10
343,fall in love,Drama / Romance / Family,120,2017,Zhang Aijia,Zhang Aijia / Tian Zhuangzhuang / Lang Yueting,Mandarin,158084,8.3,Mainland China/Taiwan,21.10
344,Blade Runner 2049,Drama / Action / Science Fiction,163,2017,Denis Villeneuve,Ryan Gosling / Harrison Ford / Ana de Armas,English,441217,8.3,US/UK/Canada/Hungary/Spain/Mexico,21.10
345, Le fils de Jean,Drama / Family,98,2016,Philippe Riore,Pierre de Longchamp / Gabriel Arcander / Catherine de Lane,French,12622,8.3,France/Canada,21.10
346,"When they really knit,",Drama / Gay / Family,127,2017,Naoko Ogigami,Toma Ikuta / Kenta Kiritani / Reika Kakihara,Japanese,51163,8.5,Japan,21.10
347, Dunkirk,Drama / History / War,107,2017,Christopher Nolan,Finn Whitehead / Tom Green-Carney / Jack Lowden,English,652267,8.4,UK/France/US/Netherlands,21.10
348,our story,Drama / Comedy / Family,107,2016,Liang Zhiqiang,Chen Lizhen / Li Guohuang / Sami Yusuf,Mandarin,11124,8.4,Singapore,21.10
349, Wołyń,Drama / History / War,150,2016,Wojciech Smarowski,Mikalina Rabacs / Arcadius Yakubik / Vosiel Vosillik,Ukrainian,26627,8.3,Poland,21.10
350, El ciudadano ilustre,Drama / Comedy,118,2016,Gaston Duprat / Mariano Cohen,Oscar Martinez / Duddy Brevar / Andrea Frigerio,Spanish,91290,8.4,Argentina/Spain,21.10
351, Gifted,Drama / Family,101,2017,Mark Webb,Chris Evans / Mckenna Grace / Lindsay Duncan,English,239333,8.3,USA,21.10
352, Tschick,Drama / Comedy,93,2016,Fatih Akin,Tristan Gober / Anand Bartbileg / Anya Wendell,German,48742,8.4,Germany,21.10
353,3： Logan,Drama / Action / Science Fiction,123,2017,James Mangold,Hugh Jackman / Patrick Stewart / Daphne Keene,English,400162,8.3,USA,21.10
354, Poesía sin fin,Drama / Biography / Fantasy,128,2016,Alessandro Jodorowsky,Adam Jodorowsky / Bronteth Jodorowsky / Leandrew Tobb,Spanish,7927,8.4,Chile/Japan/France/UK,21.10
355, Parched,Drama,116,2015,Lena Yadav,Adil Hussein / Tanisha Chatterjee / Radhika Apte,English,34202,8.3,India/US/UK,21.10
356, Frantz,Drama / History / Romance / War,113,2016,Francois Ozon,Pierre Ninette / Paula Bell / Ernst Stötz,French,38379,8.4,France Germany,21.10
357," I, Daniel Blake",Drama,100,2016,Ken Lodge,Dave Jones / Hayley Squires / Sharon Percy,English,29317,8.3,UK/France/Belgium,21.10
358,our world,Drama / Children,95,2016,Yoon Ga Eun,Choi Soo-young / Xue Hui-yin / Lee Soo-in,Korean,27354,8.4,South Korea,21.10
359,Seto Inland Sea,Drama / Comedy,75,2016,Tatsushi Omori,Sosuke Ikematsu / Masaki Suda / Ayami Nakajo,Japanese,93181,8.3,Japan,21.10
360,The woman who kills ,Drama / Biography,111,2016,Lee Jae-yong,Yoon Yoo Jung / Jeon Mo Song / Yoon Kye Sang,Korean,23187,8.3,South Korea,21.10
361, Sully,Drama / Biography,96,2016,Clint Eastwood,Tom Hanks / Aaron Eckhart / Laura Linney,English,318653,8.3,USA,21.10
362, Mr. Church,Drama / Comedy,104,2016,Bruce Beresford,Eddie Murphy / Britt Robertson / Natasha McElhone,English,24362,8.5,USA,21.10
363,Donkey gets water,Drama / Comedy,111,2016,Zhou Shen / Liu Lu,Ren Suxi / Dali / Liu Shuiliang,Mandarin,844279,8.3,Mainland China,21.10
364,The day to give a name to the famous Naichiten dog,Drama,107,2015,Akane Yamada,Satomi Kobayashi / Takaya Kamikawa / Miho Aoyama,Japanese,11882,8.4,Japan,21.10
365,Little Play Bones: Legend of the White Snake,Drama / Children / Costumes,88,2016,Pan Liping / Lu Jianmei / Liu Yujie,Tao Yixi / Zhou Zhiying / Liu Daien,Mandarin,15941,8.3,Mainland China,21.10
366, Asphalte,Drama / Comedy,100,2015,Samuel Benchetri,Michael Pitt / Isabelle Huppert / Valeria Bruni Tedeschi,French,70514,8.5,France,21.10
367,little girl,Drama / Mystery / Erotic / Gay,145,2016,Park Chan-wook,Kim Min Hee / Kim Tae Ri / Ha Jung Woo,Korean,376809,8.4,South Korea,21.10
368, Perfetti sconosciuti,Drama / Comedy,97,2016,Paul Genovese,Marco Giallini / Kassia Smutniak / Eduardo Leo,Italian,486729,8.5,Italy,21.10
369,Grandma Ji Chun ,Drama / Family,116,2016,Yin Hongcheng,Yoon Yoo Jung / Kim Go Eun / Choi Min Ho,Korean,59376,8.5,South Korea,21.10
370,Hundred birds facing the phoenix,Drama / Music,108,2013,Wu Tianming,Tao Zeru / Li Mincheng / Ji Bo,Mandarin,278653,8.3,Mainland China,21.10
371, Freistatt,Drama,104,2015,Mark Blumond,Jonas Berger / Louis Hoffman / Gerard Alexander Hyde,German,14892,8.4,Germany,21.10
372, Fúsi,Drama / Romance,94,2015,Dag Cali,Gunnar Yongsson / Ilmur Christian Stottir / Sigurjón Kjartansson,Icelandic,31372,8.5,Iceland/Denmark,21.10
373,Sumi Sanomi An,Drama,113,2015,Naomi Kawase,Kirin Kiki / Masatoshi Nagase / Etsuko Ichihara,Japanese,42349,8.3,Japan/France/Germany,21.10
374, Conducta,Drama,108,2014,Ernesto Dalanas,"Milliel Segas, Sylvia Aguilar, Uriette Cruz",Spanish,9377,8.4,Cuba,21.10
375, Suffragette,Drama / Biography / History,106,2015,Sarah Gavron,Carey Mulligan / Helena Bonham Carter / Brendan Gleeson,English,30985,8.6,UK,21.10
376,Little boy,Drama / Comedy,120,2016,Masayuki Suzuki,Kazuya Ninomiya / Nao Matsushita / Shinta Furuta,Japanese,20744,8.4,Japan,21.10
377, The Big Short,Drama / Biography,130,2015,Adam McKay,Christian Bale / Steve Carell / Ryan Gosling,English,208321,8.5,USA,21.10
378, The Danish Girl,Drama / Biography / Romance / Gay,119,2015,Tom Hooper,Eddie Redmayne / Alicia Vikander / Ben Whishaw,English,216858,8.3,UK/US/Belgium/Denmark/Germany,21.10
379, The Hateful Eight,Drama / Crime / Western,168,2015,Quentin Tarantino,Samuel L Jackson / Kurt Russell / Jennifer Jason Leigh,English,228627,8.6,USA,21.10
380, Carol,Drama / Romance / Gay,118,2015,Todd Hines,Cate Blanchett / Rooney Mara / Kyle Chandler,English,257826,8.4,UK/USA,21.10
381, The Martian,Drama / Sci-Fi / Adventure,144,2015,Ridley Scott,Matt Damon / Jessica Chastain / Kristen Wiig,English,644598,8.5,UK/US/Hungary/Jordan,21.10
382,Sister Billigal,Drama / Family,117,2015,Doi Yutai,Kasumi Arimura / Atsushi Ito / Yo Yoshida,Japanese,392213,8.3,Japan,21.10
383, Sado,Drama / History,125,2015,Lee Jun-ik,Song Kang-ho / Yoo Ah-in / Moon Geun-young,Korean,115083,8.5,South Korea,21.10
384, Bajrangi Bhaijaan,Drama / Comedy / Action,159,2015,Kabir Khan,Salman Khan / Hasari Malotra / Karina Kapoor,Hindi,450568,8.4,India,21.10
385, An Inspector Calls,Drama / Suspense,87,2015,Aisling Walsh,David Thewlis / Miranda Richardson / Sophie Randall,English,116877,8.3,UK,21.10
386, Little Boy,Drama / Comedy / War,106,2015,Alejandro Gomez Monteverde,Jacob Salvati / Kevin James / Michael Rappaport,English,58513,8.3,Mexico/USA,21.10
387,Divorce - The Trial of Vivian Amsalem,Drama,115,2014,Ronette Elcabez / Shlomi Elcabez,"Ronette Elcabez, Simon Abkarian, Shmil Ben Ari",Hebrew,6069,8.3,Israel/France/Germany,21.10
388, Fool,Drama,120,2014,Yuri Bykov,"Artyom Bestrov, Natalia Surkova, Yuri Churillo",Russian,68976,8.4,Russia,21.10
389,Hundred yuan love 100 yen love,Drama / Sports,113,2014,Masaharu Take,Sakura Ando / Hirofumi Arai / Miyoko Ogawa,Japanese,143379,8.4,Japan,21.10
390,0.5 mm,Drama,196,2014,Momoko Ando,Sakura Ando / Sakura Ando / Midori Kiuchi,Japanese,26896,8.3,Japan,21.10
391,Gukje Market,Drama / Family,126,2014,Yoon Ji-kyun,Hwang Jung-min / Kim Yoon-jin / Oh Dal-soo,Korean,71459,8.5,South Korea,21.10
392," McFarland, USA",Drama / Biography / Sports,129,2015,Nicky Carroll,Kevin Costner / Ramiro Rodriguez / Carlos Plath,English,24797,8.4,USA,21.10
393,twelve citizens,Drama,106,2014,Xu Ang,He Bing / Han Tongsheng / Qian Bo,Mandarin,334092,8.4,Mainland China,21.10
394,7 Furious 7,Action / Crime,137,2015,Wen Ziren,Vin Diesel / Paul Walker / Jason Statham,English,448108,8.4,USA/Mainland China/Japan,21.10
395, PK,Comedy / Fantasy,139,2014,Rajkumar Hirani,Aamir Khan / Anushka Sharma / Sanjay Dutt,Hindi,344819,8.4,India,21.10
396,3： The Hobbit: The Battle of the Five Armies,Action / Fantasy / Adventure,144,2014,Peter Jackson,Martin Freeman / Ian McLean / Richard Armitage,English,352661,8.5,USA/New Zealand,21.10
397, Mandariinid,Drama / War,90,2013,Sasa Urushadze,Limbert Ulfsack / Elmo Newganon / George Nakahizer,Estonian,7904,8.4,Estonia/Georgia,21.10
398,night flight ,Drama / Romance / Gay,134,2014,Lee Song Hee Il,Guo Shiyang / Li Zaijun,Korean,29070,8.3,South Korea,21.10
399, Pride,Drama / Comedy / Gay,120,2014,Matthew Warchus,Ben Schnetzer / George MacKay / Paddy Considine,English,22326,8.3,UK/France/US,21.10
400, Nightcrawler,Drama / Crime / Thriller,117,2014,Dan Gilroy,Jake Gyllenhaal / Riz Ahmed / Renee Russell,English,160760,8.3,USA,21.10
401, The Theory of Everything,Drama / Biography / Romance,123,2014,James Marsh,Eddie Redmayne / Felicity Jones / David Thewlis,English,262637,8.4,UK / Japan,21.10
402, Avis de mistral,Drama / Comedy / Family,105,2014,Rose Boss,Jean Reno / Anna Galena / Chloe Joanne,French,100180,8.4,France,21.10
403,Honey,Drama / Family,130,2014,Chen Kexin,Huang Bo / Tong Dawei / Hao Lei,Mandarin,475439,8.4,Mainland China/Hong Kong,21.10
404,Hoje Eu Quero Voltar Sozinho,Drama / Romance / Gay,95,2014,Daniel Ribeiro,Guillermé Lobo / Fabio Audi / Tess Amorim,Portuguese,29625,8.3,Brazil,21.10
405, The Normal Heart,Drama / History / Same-Sex,133,2014,Ryan Murphy,Mark Ruffalo / Matt Bomer / Jim Parsons,English,52253,8.4,USA,21.10
406,The suspicious woman,Comedy / Fantasy,124,2014,Hwang Dong Hyuk,Shim Eun Kyung / Na Moon Hee / Park In Hwan,Korean,174645,8.3,South Korea,21.10
407,the way home,Drama / Crime / Family,130,2013,Fang Yinzhen,Jeon Do Yeon / Go Soo / Kang Ji Woo,Korean,49555,8.5,South Korea,21.10
408, Belle et Sébastien,Drama / Adventure,104,2013,Nicolas Vanier,Felix Bossuet / Cheki Kayo / Margot Chatelier,French,15965,8.3,France,21.10
409,H,Drama,122,2013,Yasuo Furuhata,Mizutani / Ito Ran / Yoshioka Ryuki,Japanese,5607,8.3,Japan,21.10
410,2： The Hobbit: The Desolation of Smaug,Action / Fantasy / Adventure,161,2013,Peter Jackson,Ian McLean / Martin Freeman / Richard Armitage,English,339319,8.4,USA/New Zealand,21.10
411, Elisa y Marcela,Biography / Romance / Gay,118,2019,Isabelle Cosette,"Natalia de Molina, Greta Fernandez, Sarah Casasnovas",Spanish,6384,8.4,Spain,21.10
412,Asadas!,Drama / Family,127,2020,Ryota Nakano,Kazunari Ninomiya / Satoshi Tsumabuki / Haru Kuroki,Japanese,25701,8.3,Japan,21.20
413,   るろうに  The Beginning,Drama / Action / Adventure,137,2021,Keishi Otomo,Takeru Sato / Kasumi Arimura / Issei Takahashi,Japanese,29302,8.5,Japan,21.20
414, La Vie d'Adèle,Drama / Romance / Gay,179,2013,Abu Dai Keshish,Adele Xalehoboulos / Lea Seydoux / Salim Kesius,French,228480,8.4,France/Belgium/Spain,21.10
415, Oujda,Drama / Children / Comedy,97,2012,Haifa Mansour,Wade Mohammed / Lim Abdullah / Abdullahman Gohani,Arabic,5295,8.3,Saudi Arabia/Germany/Netherlands/Jordan/UAE/USA,21.10
416,no man's land,Drama / Crime / Western,117,2013,Ning hao,Xu Zheng / Huang Bo / Yu Nan,Mandarin,485489,8.3,Mainland China,21.10
417, Hawaii,Drama / Gay,102,2013,Mark Berger,Manuel Vigneau / Matteo Chiarino / Luz Palazon,Spanish,22009,8.5,Argentina,21.10
418, Frances Ha,Drama / Comedy,86,2012,Noah Baumbach,Greta Gerwig / Mickey Sumner / Michael Esper,English,49276,8.4,USA,21.10
419, La migliore offerta,Drama / Romance / Suspense,131,2013,Giuseppe Tonadore,Geoffrey Rush / Jim Sturgess / Sylvia Hoeks,English,169547,8.4,Italy,21.10
420,Theft method Key of Life method,Drama / Comedy,128,2012,Koji Uchida,Masato Sakai / Teruyuki Kagawa / Ryoko Hirosue,Japanese,142382,8.5,Japan,21.10
421, Argo,Drama / Thriller / History,120,2012,Ben Affleck,Ben Affleck / Bryan Cranston / Kyle Chandler,English,270844,8.3,USA,21.10
422,1： The Hobbit: An Unexpected Journey,Action / Fantasy / Adventure,169,2012,Peter Jackson,Ian McLean / Martin Freeman / Richard Armitage,English,380447,8.4,USA/New Zealand,21.10
423, OMG: Oh My God!,Drama / Comedy,125,2012,Umesh Shukla,Akshay Kumar / Paresh Rawal / Mithun Chakraborty,Hindi,61487,8.4,India,21.10
424, Moonrise Kingdom,Drama / Children,94,2012,Wes Anderson,Jared Gilman / Kara Hayward / Bruce Willis,English,123842,8.4,USA,21.10
425,Hoshi Mamoru Dog Hoshi Mamoru Dog,Drama,128,2011,Takimoto Chiyuki,Toshiyuki Nishida / Tetsuji Tamayama / Umika Kawashima,Japanese,7224,8.3,Japan,21.10
426,1964 Always の'64,Drama,142,2012,Takashi Yamazaki,Hidetaka Yoshioka / Shinichi Tsutsumi / Koyuki,Japanese,12670,8.3,Japan,21.10
427,A little thing called...love,Drama / Comedy / Romance,118,2010,Putepong Prosaka na Saknakarin / Watson Pokpen,Pinchena Lewisser Paiburn / Mario Maurer / Sudara Butchapon,Thai,914097,8.5,Thailand,21.10
428, Bitter Moon,Drama / Romance / Thriller / Erotica,139,1992,Roman Polanski,Peter Coyote / Emmanuelle Seigner / Hugh Grant,English,104518,8.4,France/UK,20.90
429,Shaolin Temple,Action / Martial Arts / Ancient Costume,95,1982,Zhang Xinyan,Jet Li / Yu Hai / Ding Lan,Mandarin,95460,8.3,Mainland China/Hong Kong,20.80
430,underworld underworld,Crime / Drama / Thriller,100,2005,To Qifeng,Yam Dahua / Leung Ka Fai / Louis Koo,Mandarin,161640,8.3,Hong Kong,21.00
431, The Man from Earth,Drama / Science Fiction,87,2007,Richard Scheinkman,David Lee Smith / Tony Todd / John Billingsley,English,342223,8.5,USA,21.00
432, Skammen,Drama / War,103,1968,Ingmar Bergman,Liv Uhmann / Max von Sydow / Sig First,Swedish,3632,8.3,Sweden,20.60
433, La promesse,Drama,94,1996,Jean-Pierre Darney / Luc Darney,Jeremy Resnais / Olivier Gourmet / Assita Ouedraogo,French,6324,8.4,Belgium/France/Luxembourg,20.90
434,Stray dog,Drama / Crime,122,1949,Akira Kurosawa,Toshiro Mifune / Takashi Shimura / Keiko Awaji,Japanese,12901,8.4,Japan,20.40
435, Kauas pilvet karkaavat,Comedy / Drama,96,1996,Aki Kaurismaki,Katie Otining / Kari Vananen / Elena Salo,Finnish,10524,8.3,Finland,20.90
436,crazy stone,Comedy / Crime,106,2006,Ning hao,Guo Tao / Liu Hua / Lian Jin,Mandarin,737045,8.5,Mainland China/Hong Kong,21.00
437, La nuit américaine,Comedy / Drama / Romance,115,1973,Francois Truffaut,Jacqueline Bisset / Valentina Gertes / Dani,French,10476,8.5,France/Italy,20.70
438, Rebecca,Drama / Romance / Suspense,130,1940,Alfred Hitchcock,Lawrence Oliver / Joan Fontaine / George Sanders,English,81339,8.3,USA,20.40
439, Spellbound,Romance / Mystery / Film Noir,111,1945,Alfred Hitchcock,Ingrid Bergman / Gregory Peck / Michael Chekhov,English,54247,8.3,USA,20.40
440, Doctor Zhivago,Drama / Romance / War,197,1965,David Lean,Omar Sharif / Julie Christie / Geraldine Chaplin,English,17977,8.5,US/Italy/UK,20.60
441, Körkarlen,Drama / Fantasy / Horror,93,1921,Victor Sjostrom,"Victor Sjostrom, Hilda Boristrum, Torrey Swinberry",Swedish,3412,8.4,Sweden,20.20
442, Jungfrukällan,Crime / Drama,89,1960,Ingmar Bergman,Max von Sydow / Vegeta Warburg / Gunel Lindblom,Swedish,31040,8.6,Sweden,20.60
443, L'année dernière à Marienbad,Drama / Romance / Suspense,94,1961,Alain Resnais,Delphine Seliger / George Albertazzi / Sacha Pitoev,French,18973,8.3,France/Italy,20.60
444, Det sjunde inseglet,Drama / Fantasy,96,1957,Ingmar Bergman,Gunnar Bujornstrand / Bent Echerott / Nils Pope,Swedish,47478,8.5,Sweden,20.50
445,Spider Throne Castle Spider Nest Castle,Drama / History,110,1957,Akira Kurosawa,Toshiro Mifune / Isuzu Yamada / Takashi Shimura,Japanese,25871,8.5,Japan,20.50
446,long live madam long live madam,Comedy / Family,107,1947,Sang Arc,Jiang Tianliu / Zhang Fa / Shi Hui,Mandarin,13254,8.4,Mainland China,20.40
447,new women,Drama,106,1935,Cai Chusheng,Ruan Lingyu / Zheng Junli,No dialogue,4340,8.4,Mainland China,20.30
448, Sanatorium pod Klepsydrą,Drama / Fantasy,124,1973,Wojciech Haas,Jan Nowitzki / Tadeusz Kondrat / Irena Oscar,Polish,4383,8.3,Poland,20.70
449, Trip to Kythira,Drama,120,1984,Theodoros Angelopoulos,"Manos Katrakis, Meryl Kronopoulou, Dionysius Papayanopoulos",Greek,4499,8.5,Greece/West Germany/Italy/UK,20.80
450,"Evening information Well, that's right.",Drama,134,1993,Akira Kurosawa,Tatsuo Matsumura / Kyoko Kagawa / Hisashi Igawa,Japanese,7460,8.3,Japan,20.90
451, Umberto D.,Drama,89,1952,Vittorio Desica,Carlo Battisti / Maria-Pia Casiglio / Lina Gennari,Italian,5935,8.6,Italy,20.50
452,Three Gorges Good People,Drama / Romance,107,2006,Jia Zhangke,Zhao Tao / Han Sanming / Wang Hongwei,Sichuan dialect,121424,8.3,Mainland China,21.00
453,"Fireworks, whether viewed from below or from the side",Drama / Children,49,1995,Shunji Iwai,Yuta Yamazaki / Megumi Okina / Takayuki Sorita,Japanese,26351,8.3,Japan,20.90
454,I've lived my life this way I've lived my life this way,Drama / Family,120,1985,Zhang Yi,Yang Huishan / Li Liqun / Liu Ming,Mandarin,5862,8.4,China Taiwan,20.80
455,Amidado News from Amidado,Drama,127,2002,Koizumi Yasushi,Akira Terao / Kanako Higuchi / Hisashi Igawa,Japanese,4509,8.5,Japan,21.00
456, Z,Drama / History / Crime / Thriller,127,1969,Costa-Gavras,Yves Montan / Irene Pappas / Jean-Louis Tradignan,French,3083,8.3,France/Algeria,20.60
457,"The worse the dreams, the better the sleep",Drama / Crime / Thriller,151,1960,Akira Kurosawa,Toshiro Mifune / Masayuki Mori / Kyoko Kagawa,Japanese,7087,8.4,Japan,20.60
458,left and right love left and right love,Drama / Romance / Music,66,1999,Leslie Cheung,Leslie Cheung / Qiu Shuzhen / Cecilia Cheung,Cantonese,8041,8.3,Hong Kong,20.90
459, L'eclisse,Drama / Romance,126,1962,Michelangelo Antonioni,Alain Delon / Monica Vitti / Francisco Laval,Italian,16740,8.4,Italy/France,20.60
460,person A person B,Comedy,87,1997,Feng Xiaogang,Ge You / Liu Bei / He Bing,Mandarin,275825,8.4,Mainland China,20.90
461,Sanmao's Army,Drama / Children / Comedy / War,90,1992,Zhang Jianya,Jia Lin / Wei Zongwan / Sun Feihu,Mandarin,83384,8.5,Mainland China,20.90
462,bath,Drama / Comedy / Family,92,1999,Zhang Yang,Jiang Wu / Pu Cunxin / Zhu Xu,Mandarin,61590,8.4,Mainland China,20.90
463, North by Northwest,Mystery / Thriller / Adventure,136,1959,Alfred Hitchcock,Cary Grant / Eva Marie Saint / James Mason,English,92877,8.3,USA,20.50
464, The Shining,Fear,119,1980,Stanley Kubrick,Jack Nicholson / Shelley Duvall / Danny Lloyd,English,445581,8.3,UK/USA,20.80
465,Three bad guys in the hidden fort,Drama / Adventure,139,1958,Akira Kurosawa,Toshiro Mifune / Minoru Chiaki / Kamatari Fujiwara,Japanese,12745,8.4,Japan,20.50
466,Delsu Uzala Дерсу Узала,Adventure / Drama,141,1975,Akira Kurosawa,Maxim Monzuk / Yuri Solomin / Svetlana Danielchenko,Russian,7270,8.4,USSR/Japan,20.70
467, PicNic,Drama / Fantasy,72,1996,Shunji Iwai,Kyora / Tadanobu Asano / Koichi Hashizume,Japanese,76933,8.3,Japan,20.90
468, Amator,Drama / Comedy / Romance,113,1979,Krzysztof Kieslowski,Jerzy Stuhl / Mogsata Zakovska / Ava Perkas,Polish,4705,8.4,Poland,20.70
469, Hamlet,Crime / Drama / Romance / Thriller,242,1996,Kenneth Branagh,Richard Attenborough / David Blair / Brian Blessed,English,5301,8.3,UK/USA,20.90
470, How Green Was My Valley,Drama / Family,118,1941,John Ford,Walter Pidgeon / Marlene O'Hara / Anna Lee,English,4805,8.3,USA,20.40
471, The Grapes of Wrath,Drama / History,128,1940,John Ford,Henry Fonda / Jane Darwell / John Carradine,English,9234,8.5,USA,20.40
472, Shadowlands,Biography / Drama / Romance,131,1993,Richard Attenborough,Anthony Hopkins / Deborah Wenger / Julian Fellowes,English,4197,8.5,UK,20.90
473, Extraordinary Tales,Animation / Suspense,73,2013,Raul Garcia,Roger Corman / Guillermo del Toro / Cornelia Funk,English,4251,8.3,Luxembourg/USA/Spain/Belgium,21.10
474,Swing Girls,Drama / Comedy / Music,105,2004,Yaguchi Shijing,Juri Ueno / Yuta Hiraoka / Shihori Kanjiya,Japanese,36494,8.4,Japan,21.00
475,Five water boys Water Boys,Comedy / Sports,91,2001,Yaguchi Shijing,Satoshi Tsumabuki / Hiroshi Tamaki / Akifumi Miura,Japanese,54658,8.3,Japan,21.00
476, The Deer Hunter,Drama / War,182,1978,Michael Cimino,Robert De Niro / John Keizer / John Savage,English,33975,8.4,USA,20.70
477, Vivre sa vie: Film en douze tableaux,Drama,80,1962,Jean-Luc Godard,Ana Karina / Thad Rippert / Andre S. Labarte,French,16078,8.5,France,20.60
478, Mon Oncle,Comedy,116,1958,Jacques Tati,Jean-Pierre Zola / Adrienne Servantie / Lucien Frégis,French,14645,8.6,Italy/France,20.50
479,golden branches and jade leaves golden branches and jade leaves,Comedy / Romance / Gay,107,1994,Chen Kexin,Anita Yuen / Leslie Cheung / Carina Lau,Cantonese,88613,8.4,Hong Kong,20.90
480,self-comb,Drama / Romance / Gay,117,1997,Zhang Zhiliang,Carina Lau / Yang Cai Ni / Gui Yalei,Cantonese,49296,8.5,Hong Kong,20.90
481,Zhou Enlai,Biography / Drama,164,1992,Ding Yinnan,Wang Tiecheng / Zheng Xiaojuan / Zhang Yunli,Mandarin,5304,8.6,Mainland China,20.90
482, Awaara,Drama / Song And Dance / Romance,193,1951,Raz Kapoor,Raz Kapoor / Nargis / Plitvila Kapoor,Hindi,4594,8.4,India,20.50
483, Bullets Over Broadway,Comedy / Crime,98,1994,Woody Allen,John Cusack / Diane West / Jennifer Tilly,English,20069,8.4,USA,20.90
484, Hannibal,Crime / Thriller,131,2001,Ridley Scott,Anthony Hopkins / Julianne Moore / Gary Oldman,English,174427,8.3,UK/USA,21.00
485,Autumn of the Kobayakawa family Autumn of the Kobayakawa family,Drama,103,1961,Yasujiro Ozu,Nakamura Karjiro / Hara Setsuko / Shi Ye,Japanese,4403,8.3,Japan,20.60
486, Tystnaden,Drama,96,1963,Ingmar Bergman,Ingrid Thulin / Gunel Lindblom / Jorgen Lindstrom,Swedish,5552,8.3,Sweden,20.60
487, Ray,Biography / Drama / Music,152,2004,Taylor Hackford,Jamie Foxx / Regina King / Keri Washington,English,19062,8.4,USA,21.00
488, Mies vailla menneisyyttä,Drama / Comedy / Romance,97,2002,Aki Kaurismaki,Marku Pertola / Katie Otining / Juhani Niemele,Finnish,15163,8.5,Finland/Germany/France,21.00
489, Rosencrantz and Guildenstern Are Dead,Comedy / Drama,117,1990,Tom Stoppard,Tim Roth / Gary Oldman / Richard Dreyfuss,English,3863,8.4,UK/USA,20.90
490, Patch Adams,Drama / Comedy / Biography,115,1998,Tom Shadiak,Robin Williams / Daniel London / Monica Porter,English,11497,8.4,USA,20.90
491,Saga's Gabai Grandma,Drama / Family,105,2006,Warehouse,Kazuko Yoshiyuki / Youki Kudoh / Yuji Miyake,Japanese,6389,8.5,Japan,21.00
492,Rouge Buckle,Drama / Romance / Fantasy,96,1987,Guan Jinpeng,Anita Mui / Leslie Cheung / Wan Ziliang,Cantonese,257303,8.5,Hong Kong,20.80
493, Pelle erövraren,Drama,157,1987,Billy August,"Bailey Herwinegaard, Max von Sydow, Eric Pascal",Danish,3676,8.5,Denmark/Sweden,20.80
494, Heintje - Einmal wird die Sonne wieder scheinen,Family / Music,98,1970,Hans Heinrich,Heinche Simmons / Heinz Reynach / Glinde Locke,German,6222,8.3,West Germany,20.70
495,Lover under the olive tree زير درختان زيتون,Drama,103,1994,Abbas Kiarostami,Mohamed Ali Koshawaz / Fadha Kidman / Zarifeh Shiva,Persian,12774,8.4,Iran/France,20.90
496, Queen Christina,Biography / Drama / History / Romance / War,99,1933,Ruben Mamorian,Greta Garbo / John Gilbert / Ian Keith,English,4148,8.3,USA,20.30
497, Memphis Belle,Action / Drama / War,107,1990,Michael Catton-Jones,Matthew Modine / Eric Stoltz / Sean Astin,English,5867,8.3,UK/Japan/US,20.90
498, Red Dog,Drama / Comedy,92,2011,Cliff Standers,Josh Lucas / Rachel Taylor / Noah Taylor,English,13761,8.4,Australia,21.10
499, Moneyball,Drama / Biography / Sports,133,2011,benet miller,Brad Pitt / Jonah Hill / Philip Seymour Hoffman,English,97428,8.3,USA,21.10
500,Eighth day ,Drama,147,2011,into the island,Mao Inoue / Hiromi Nagasaku / Eiko Koike,Japanese,22559,8.3,Japan,21.10
501,The most beautiful farewell in the world,Drama / Family,125,2011,Min Kyudong,Seo Young Hee / Kim Gap Soo / Yoo Jun Sang,Korean,32390,8.4,South Korea,21.10
502, The Music Never Stopped,Drama,105,2011,Jim Kohlberg,"Julia Ormond, J.K. Simmons, Lou Taylor Pucci",English,10055,8.5,USA,21.10
503, Le Concert,Comedy / Drama / Music,122,2009,Radu Mihaileanu,Melanie Rowland / Alexey Guskov / Dimitry Nazarov,French,16807,8.5,France/Italy/Romania/Belgium,21.00
504, True Grit,Drama / Western / Adventure,110,2010,Joel Cohen / Ethan Cohen,Jeff Bridges / Hailee Steinfeld / Matt Damon,English,102826,8.3,USA,21.10
505, Rang De Basanti,Drama / Comedy / History,167,2006,Rakesh Omprakasi Mehra,Aamir Khan / Sittart / Salman Joshi,Urdu,15419,8.5,India,21.00
506,Harry Potter and the Deathly Hallows: Part 1,Fantasy / Adventure,146,2010,David Yates,Daniel Radcliffe / Emma Watson / Rupert Grint,English,491066,8.4,UK/USA,21.10
507,wedding dress,Drama / Family,109,2010,Quan Jiongchen,Song Yoona / Kim Heung Ki / Lee Ji Woo,Korean,91788,8.6,South Korea,21.10
508,blowfly ,Crime / Drama,130,2009,Liang Yizhun,Jin Huayu / Liang Yizhun / Li Huan,Korean,20605,8.3,South Korea,21.00
509, District 9,Action / Drama / Science Fiction / Thriller,112,2009,Neil Blomkamp,Sharlto Copley / Jason Cooper / Natalie Bolt,English,415306,8.3,USA/New Zealand/Canada/South Africa,21.00
510,Tunnel warfare,War,101,1965,Ren Xudong,Zhu Longguang / Zhang Yongshou / Liu Xiujie,Mandarin,61996,8.3,Mainland China,20.60
511,The Taegeukgi is waving,Action / Drama / War,148,2004,Jiang Digui,Jang Dong Gun / Won Bin / Lee Eun Joo,Korean,80585,8.3,South Korea,21.00
512,The face of another person,Drama / Science Fiction,124,1966,Hiroshi Teshigahara,Tatsuya Nakadai / Machiko Kyo / Jiro Hirashi,Japanese,5078,8.4,Japan,20.60
513, Såsom i en spegel,Drama,89,1961,Ingmar Bergman,Harriet Anderson / Gunnar Bujornstrand / Max von Sydow,Swedish,9958,8.4,Sweden,20.60
514,happy family events family events,Drama / Comedy / Romance / Family,100,1992,Gao Zhisen,Leslie Cheung / Stephen Chow / Maggie Cheung,Cantonese,240851,8.4,Hong Kong,20.90
515, Il vangelo secondo Matteo,Drama / Biography / History,137,1964,Pierre Paolo Pasolini,"Enrique Irazogue, Margarita Caruso, Susanna Pasolini",Italian,3729,8.4,Italy/France,20.60
516,lame ho,Biography / Crime / Drama,143,1991,Pan Wenjie,Lu Liangwei / Zheng Zeshi / Ye Tong,Cantonese,70542,8.3,Hong Kong,20.90
517, Finch,Drama / Science Fiction,115,2021,Miguel Sapshnik,Tom Hanks / Caleb Landry Jones / Seamus,English,173095,8.4,USA,21.20
518, Pleasantville,Comedy / Drama / Fantasy,124,1998,Gary Ross,Tobey Maguire / Reese Witherspoon / William H. Macy,English,6622,8.3,USA,20.90
519,Love exposure,Action / Comedy / Drama / Romance,237,2008,Garden temperature,Takahiro Nishijima / Hikaru Mishima / Atsushi Watanabe,Japanese,31545,8.3,Japan,21.00
520, Spalovač mrtvol,Drama / Horror / Thriller,95,1969,Jurai Hertz,Vlasta Hramostova / Rudolf Hosinski / Iri Menzel,Czech,3336,8.3,Czechoslovakia,20.60
521,The story of the chrysanthemum The story of the chrysanthemum,Drama,142,1939,Mizoguchi Kenji,Shotaro Hanayagi / Kakuko Mori / Kokichi Takada,Japanese,3587,8.5,Japan,20.30
522,To Yoonhee,Drama / Gay,105,2019,Ren Dajiong,Kim Hee-ae / Nakamura Yuko / Kim So-hye,Korean,32811,8.3,South Korea,21.10
523, Manhattan,Comedy / Drama / Romance,96,1979,Woody Allen,Diane Keaton / Meryl Streep / Woody Allen,English,35533,8.3,USA,20.70
524,The legend of the mountain The legend of the mountain,Drama / Fantasy / Costume,125,1979,Hu Jinquan,Shi Jun / Xu Feng / Zhang Aijia,Mandarin,8804,8.3,Hong Kong,20.70
525, Velvet Goldmine,Drama / Gay / Music,118,1998,Todd Hines,Ewan McGregor / Jonathan Rhys Meyers / Christian Bale,English,62138,8.4,UK/USA,20.90
526, Mouchette,Drama,81,1967,Robert Bresson,Nadine Nottier / Jean-Claude Guilbert / Marie Cardinal,French,6579,8.5,France,20.60
527, À bout de souffle,Drama / Romance / Crime,90,1960,Jean-Luc Godard,Jean Seibo / Jean-Paul Belmondo / Danielle Boulanger,French,49740,8.4,France,20.60
528, Once,Drama / Music / Romance,86,2007,John Carney,Glenn Henside / Markota Ilglova,English,269058,8.3,Ireland,21.00
529, Antonia,Drama / Comedy,102,1995,Marlene Gris,Willek van Ammelroy / Els Dortmans / Dora van der Glenn,Dutch,4025,8.6,Netherlands/Belgium/UK,20.90
530, The Last Duel,Drama / History,152,2021,Ridley Scott,Judy Comer / Matt Damon / Adam Driver,English,63979,8.3,USA/UK,21.20
531,8 8 Mile,Drama / Music,110,2002,Curtis Hansen,Eminem / Kim Basinger / Medge Fairfax,English,92508,8.3,USA/Germany,21.00
532, Maria Larssons eviga ögonblick,Biography / Drama,131,2008,Jan Tell,"Maria Hesskann, Mikael Persbrandt, Amanda Ormus",Swedish,10593,8.4,Sweden/Finland/Norway/Denmark/Germany,21.00
533, Erin Brockovich,Drama / Biography,130,2000,Steven Soderbergh,Julia Roberts / David Brisbane / Albert Finney,English,83819,8.4,USA,21.00
534,Empty Mountain Spiritual Rain Empty Mountain Spiritual Rain,Drama / Action / Martial Arts / Ancient Costume,120,1979,Hu Jinquan,Tian Feng / Sun Yue / Xu Feng,Mandarin,13598,8.4,Hong Kong,20.70
535,Purgatory,War,120,1998,Alexander Nevzorov,Alexander Baranov / Viktor Stepanov / Viktor Stepanov,Russian,4833,8.5,Russia,20.90
536, Becoming Jane,Biography / Drama / Romance,120,2007,Julian Gerrard,Anne Hathaway / James McAvoy / Julie Waters,English,246413,8.3,UK/Ireland,21.00
537,Aesthetic world A wonderful world,Drama / Crime,126,2020,Miwa Nishikawa,Yakusho Koji / Nakano Taga / Nagasawa Masami,Japanese,20034,8.3,Japan,21.20
538, Iron Man,Action / Adventure / Sci-Fi / Thriller,126,2008,Jon Favreau,Robert Downey Jr. / Terrence Howard / Gwyneth Paltrow,English,545712,8.4,USA,21.00
